relative_path,sha256,bytes
00_阅读说明/README.md,4e5621937596086fbb826e6dc6ffa30d45f2da496236314e1cdac80df77e2954,4349
00_阅读说明/数据使用清单.csv,20cb49b9c82805efe67a3455a77586bcdaf347f5f631a67e5c763f99edb74cd1,16008
00_阅读说明/数据文件关系图.svg,40555af38bb4ea5a41d6331ebc9af81b52cb7144937d019d5a423eeb2e67e248,5238
01_核心输入与规则/01_event_seed_table.csv,24f9b444bb3ac4372970992d426af93660c3763a5a4410ccd7f56a60b62bf746,1475
01_核心输入与规则/02_jsoc_query_manifest.csv,6793c07cb2cbf951c4729f49c27ff7d78094bb671e845493b399524948250885,3140
01_核心输入与规则/03_event_provenance_audit.csv,59471a2f38718a9cb2e18a9f30b7cd53e6fb73c0f4c2bb643f7728164042af98,2138
01_核心输入与规则/04_数据处理规则.md,01c8b99b20361b4a10f63f064a510ebe155999a7751af5361cb602486a113025,2192
01_核心输入与规则/05_DataPlan.md,dd927cbeac1e5d5a1df2291ac4565902d7e2a8295047223c91ea0cfa4d114cfe,1311
01_核心输入与规则/06_QUALITY位掩码处理规则.md,44d99257b1ff95c7cac3c4d41064afa907685872068bc2044b88ba3f402c499c,782
01_核心输入与规则/raw_jsoc_keywords/NOAA11158_X2.2_20110215.json,67c1d8854574aae4fedb3c77f9887323828206bc516b550b2104febe5883de7c,7209
01_核心输入与规则/raw_jsoc_keywords/NOAA11429_X5.4_20120307.json,968e16589bec3f76369ab77e9ad51e7d2215968dfed8d02769e2e123d73be162,7366
01_核心输入与规则/raw_jsoc_keywords/NOAA11520_X1.4_20120712.json,d76c788930e26beb5c50f7d2e06fdee795034637c1e0c1c0b90b83271da1dc64,7011
01_核心输入与规则/raw_jsoc_keywords/NOAA12192_X1.1_20141019.json,8f176b2b3b5a2a718aed2c2d309c665bd24149680879550db2d7f864b76ebb61,7426
01_核心输入与规则/raw_jsoc_keywords/NOAA12297_X2.1_20150311.json,5ad909bf77236e29db624b4f3509e5f1ec318e530e531c87385ab0d46c877164,5611
01_核心输入与规则/raw_jsoc_keywords/NOAA12673_X9.3_20170906.json,f8a61b8ad6be009004cc10bfe120994770aa41fa49ee02b0311f5336643136e5,5914
02_主运行记录/01_all_returned_records_with_final_status.csv,ac2e0abda1a2416d014affc4e234007156f0ff77eff042c5653ed90a3fc93be9,238258
02_主运行记录/02_gate_counts.csv,a0828da64d83b2fc571f5e557d042479ed12e08eed4eea4f6157262a8ba6c113,3907
02_主运行记录/03_quality_bit_policy.csv,3a6bd9629f242df8deb9e7fabdd6aab39bc16cf8c01dfc8d4e06fe9335351ab4,1452
02_主运行记录/04_cadence_audit.csv,80275f7f37a2c9fe81628eab92c915247f38f06e2e94aa31cfb6e7054d3cd9d7,2190
03_最终Demo结果/01_final_analysis_sample.csv,f979bd0662eb59a2d145dc834d878cea654a9e0e77ad31ba1045fdfbff7efce7,40572
03_最终Demo结果/02_continuous_distribution.csv,4a7e82ace80ed52c89dc6f1dc072886dc0a6bc509a33464fe17d129db6d8c73e,955
03_最终Demo结果/03_usflux_context_correlation.csv,bcd9f79b5878210d78b8d9d437af749782764b7d32e1f86402b9694111eaf26e,1358
04_control审计与替换依据/01_final_control_audit.csv,6d647ba614777d6cc9a2f796c9216c90ef6e932251b1d4086d5cc16a49928ac7,5578
04_control审计与替换依据/02_final_control_replacements.csv,2fcd917cebb423e7e4b6a7ba0337e1ac8f691555135b5033a93fc3bc4a205fad,753
04_control审计与替换依据/03_official_Mplus_event_catalog_NCEI_subset.csv,a6f60944f895c603803efbef06a572d9c7a5ca165920ae6edc9ebd0a32dbdcb1,184160
04_control审计与替换依据/04_NCEI目录来源说明.csv,e383a2848c6f4e6ca631f16a7ef1a6f484f762351ced9aba9267f6889b4aa611,317
04_control审计与替换依据/05_AR11429候选更正审计.csv,41688eacd484c9dc436d3fa2f9a82f495b7760f1755103f37c7f9c3a2b419a7c,450
04_control审计与替换依据/06_严格数据门汇总.csv,d6e4ae9d1ca01876e72d61366c70065397989ccbca3b0d590de9ca6cf52cb7b1,2120
04_control审计与替换依据/07_候选T0与NCEI区间审计.csv,30ed2b05dc881252f92a8d473ca37a0e32c543bdd1b3ebacb0868d23f868e8f6,1697
04_control审计与替换依据/08_候选时间块选择审计.csv,d81bec174dcaa0583a50fc433109ce7f0798f92db60d99046b8caf66d2776133,4243
04_control审计与替换依据/09_活动区最终选择摘要.csv,1e0aa45695f8fa03fcf1b7c97a1a84186cd7d79806d9cecd6644ec303d35150d,5419
04_control审计与替换依据/10_全量目录清洁候选门控.csv,44a6ed47bde565b46f054f3a8b065a90585f996eba96bc89751b79254e17e8ce,410259
04_control审计与替换依据/11_逐帧关键词核验.csv,49a800d2159632773b1d10fd37fa6b6cc8dd8c25a3ebfaa291193ab98a3d7411,11759
04_control审计与替换依据/12_JSOC重取清单.csv,a6d72b0521f37b8a75af9b5b94ee651cf8df2c46428c1904f385f1cbff54461b,3707
04_control审计与替换依据/strict_search_raw_jsoc_keywords/NOAA11158_X2.2_20110215_preflare_80h_scan.json,c9fbf59604bd5af841b801c0141c007a9ba7179ceccfb9f502d39bc865db2d30,46427
04_control审计与替换依据/strict_search_raw_jsoc_keywords/NOAA11429_X5.4_20120307_preflare_80h_scan.json,2aa67e6b0d0da62f6fba7e6c5456e29ffa78b348ed26a97a52ecf03e834898ab,46912
04_control审计与替换依据/strict_search_raw_jsoc_keywords/NOAA11520_X1.4_20120712_preflare_80h_scan.json,30bf8d6caf536f436f9c05e7707e5ba858b85f077aa215f05c3887ed8f33c881,42352
04_control审计与替换依据/strict_search_raw_jsoc_keywords/NOAA12192_X1.1_20141019_preflare_80h_scan.json,4255777d3a8ec7dcc24e8b16c0ed1294906e0e3658e41da09203ac26a6509129,47448
04_control审计与替换依据/strict_search_raw_jsoc_keywords/NOAA12297_X2.1_20150311_preflare_80h_scan.json,8c060ea2d5bec8f37738b50523205cbaa189f6f7439a54a69f2f0d18bfb24949,41647
04_control审计与替换依据/strict_search_raw_jsoc_keywords/NOAA12673_X9.3_20170906_preflare_80h_scan.json,a2df52df6d0a1364caa7ead1ee19d07b861fffc762e8ff9645035151de5f8405,42493
05_完整性/acceptance_check.csv,69e9e670c4367b9515827114b04f2db8596653813ee385d66c806885e18d765b,771
05_完整性/manifest.json,83204ccebb3690ae2d466e5db2bc5cda7f8b62b7fff8906b28f62cd2ac9f1d25,14705
