flare_event_id,NOAA_AR,T_REC_UTC,original_slope,future6h_mplus_ids,future6h_mplus_count,disposition,final_control_source
NOAA12673_X9.3_20170906,12673,2017-09-06T02:35:23Z,-0.201446,,0,RETAINED_FINAL_CONTROL,same-AR main-gate record
NOAA12673_X9.3_20170906,12673,2017-09-06T02:47:23Z,-0.183257,,0,RETAINED_FINAL_CONTROL,same-AR main-gate record
NOAA12673_X9.3_20170906,12673,2017-09-06T02:59:23Z,-0.11114,201709060852,1,EXCLUDED_FUTURE6H_MPLUS,
NOAA12673_X9.3_20170906,12673,2017-09-06T03:11:23Z,-0.082243,201709060852,1,EXCLUDED_FUTURE6H_MPLUS,
NOAA12673_X9.3_20170906,12673,2017-09-06T03:23:23Z,-0.186316,201709060852,1,EXCLUDED_FUTURE6H_MPLUS,
NOAA12673_X9.3_20170906,12673,2017-09-06T03:35:23Z,-0.322301,201709060852,1,EXCLUDED_FUTURE6H_MPLUS,
NOAA12673_X9.3_20170906,12673,2017-09-06T03:47:23Z,-0.360735,201709060852,1,EXCLUDED_FUTURE6H_MPLUS,
NOAA12673_X9.3_20170906,12673,2017-09-06T03:59:23Z,-0.365588,201709060852,1,EXCLUDED_FUTURE6H_MPLUS,
NOAA12673_X9.3_20170906,12673,2017-09-06T04:11:23Z,-0.344463,201709060852,1,EXCLUDED_FUTURE6H_MPLUS,
NOAA12673_X9.3_20170906,12673,2017-09-06T04:23:23Z,-0.257324,201709060852,1,EXCLUDED_FUTURE6H_MPLUS,
NOAA12673_X9.3_20170906,12673,2017-09-06T04:35:23Z,-0.252309,201709060852,1,EXCLUDED_FUTURE6H_MPLUS,
NOAA12673_X9.3_20170906,12673,2017-09-06T04:47:23Z,-0.352713,201709060852,1,EXCLUDED_FUTURE6H_MPLUS,
NOAA12673_X9.3_20170906,12673,2017-09-06T04:59:23Z,-0.253419,201709060852,1,EXCLUDED_FUTURE6H_MPLUS,
NOAA12673_X9.3_20170906,12673,2017-09-06T05:11:23Z,-0.335941,201709060852,1,EXCLUDED_FUTURE6H_MPLUS,
NOAA12673_X9.3_20170906,12673,2017-09-06T05:23:23Z,-0.357566,201709060852,1,EXCLUDED_FUTURE6H_MPLUS,
NOAA12673_X9.3_20170906,12673,2017-09-06T05:35:23Z,-0.412794,201709060852,1,EXCLUDED_FUTURE6H_MPLUS,
NOAA12673_X9.3_20170906,12673,2017-09-06T05:47:23Z,-0.551103,201709060852,1,EXCLUDED_FUTURE6H_MPLUS,
NOAA11429_X5.4_20120307,11429,2012-03-06T14:47:26Z,-0.098982,,0,RETAINED_FINAL_CONTROL,same-AR main-gate record
NOAA11429_X5.4_20120307,11429,2012-03-06T14:59:26Z,-0.125897,,0,RETAINED_FINAL_CONTROL,same-AR main-gate record
NOAA11429_X5.4_20120307,11429,2012-03-06T15:11:26Z,-0.102507,201203062104,1,EXCLUDED_FUTURE6H_MPLUS,
NOAA11429_X5.4_20120307,11429,2012-03-06T15:23:26Z,-0.092375,201203062104,1,EXCLUDED_FUTURE6H_MPLUS,
NOAA11429_X5.4_20120307,11429,2012-03-06T15:35:26Z,-0.143779,201203062104,1,EXCLUDED_FUTURE6H_MPLUS,
NOAA11429_X5.4_20120307,11429,2012-03-06T15:47:26Z,-0.144728,201203062104,1,EXCLUDED_FUTURE6H_MPLUS,
NOAA11429_X5.4_20120307,11429,2012-03-06T15:59:26Z,-0.158676,201203062104,1,EXCLUDED_FUTURE6H_MPLUS,
NOAA11429_X5.4_20120307,11429,2012-03-06T16:11:26Z,-0.112662,201203062104,1,EXCLUDED_FUTURE6H_MPLUS,
NOAA11429_X5.4_20120307,11429,2012-03-06T16:23:26Z,-0.035941,201203062104,1,EXCLUDED_FUTURE6H_MPLUS,
NOAA11429_X5.4_20120307,11429,2012-03-06T16:35:26Z,0.09675,201203062104,1,EXCLUDED_FUTURE6H_MPLUS,
NOAA11429_X5.4_20120307,11429,2012-03-06T16:47:26Z,0.212831,201203062104;201203062237,2,EXCLUDED_FUTURE6H_MPLUS,
NOAA11429_X5.4_20120307,11429,2012-03-06T16:59:26Z,0.365176,201203062104;201203062237,2,EXCLUDED_FUTURE6H_MPLUS,
NOAA11429_X5.4_20120307,11429,2012-03-06T17:11:26Z,0.417301,201203062104;201203062237,2,EXCLUDED_FUTURE6H_MPLUS,
NOAA11429_X5.4_20120307,11429,2012-03-06T17:23:26Z,0.471088,201203062104;201203062237,2,EXCLUDED_FUTURE6H_MPLUS,
NOAA11429_X5.4_20120307,11429,2012-03-06T17:35:26Z,0.469941,201203062104;201203062237,2,EXCLUDED_FUTURE6H_MPLUS,
NOAA11429_X5.4_20120307,11429,2012-03-06T17:47:26Z,0.478596,201203062104;201203062237,2,EXCLUDED_FUTURE6H_MPLUS,
NOAA11429_X5.4_20120307,11429,2012-03-06T17:59:26Z,0.460015,201203062104;201203062237;201203062359,3,EXCLUDED_FUTURE6H_MPLUS,
NOAA11158_X2.2_20110215,11158,2011-02-14T16:23:26Z,0.542518,201102141718,1,EXCLUDED_FUTURE6H_MPLUS,
NOAA11158_X2.2_20110215,11158,2011-02-14T16:35:26Z,0.488441,201102141718,1,EXCLUDED_FUTURE6H_MPLUS,
NOAA11158_X2.2_20110215,11158,2011-02-14T16:47:26Z,0.404103,201102141718,1,EXCLUDED_FUTURE6H_MPLUS,
NOAA11158_X2.2_20110215,11158,2011-02-14T16:59:26Z,0.344404,201102141718,1,EXCLUDED_FUTURE6H_MPLUS,
NOAA11158_X2.2_20110215,11158,2011-02-14T17:11:26Z,0.355669,201102141718,1,EXCLUDED_FUTURE6H_MPLUS,
NOAA11158_X2.2_20110215,11158,2011-02-14T17:23:26Z,0.286904,201102141718,1,EXCLUDED_FUTURE6H_MPLUS,
NOAA11158_X2.2_20110215,11158,2011-02-14T17:35:26Z,0.229037,,0,RETAINED_FINAL_CONTROL,same-AR main-gate record
NOAA11158_X2.2_20110215,11158,2011-02-14T17:47:26Z,0.138559,,0,RETAINED_FINAL_CONTROL,same-AR main-gate record
NOAA11158_X2.2_20110215,11158,2011-02-14T17:59:26Z,-0.000956,,0,RETAINED_FINAL_CONTROL,same-AR main-gate record
NOAA11158_X2.2_20110215,11158,2011-02-14T18:11:26Z,-0.124868,,0,RETAINED_FINAL_CONTROL,same-AR main-gate record
NOAA11158_X2.2_20110215,11158,2011-02-14T18:23:26Z,-0.235544,,0,RETAINED_FINAL_CONTROL,same-AR main-gate record
NOAA11158_X2.2_20110215,11158,2011-02-14T18:35:26Z,-0.385831,,0,RETAINED_FINAL_CONTROL,same-AR main-gate record
NOAA11158_X2.2_20110215,11158,2011-02-14T18:47:26Z,-0.481257,,0,RETAINED_FINAL_CONTROL,same-AR main-gate record
NOAA11158_X2.2_20110215,11158,2011-02-14T18:59:26Z,-0.565176,,0,RETAINED_FINAL_CONTROL,same-AR main-gate record
NOAA11158_X2.2_20110215,11158,2011-02-14T19:11:26Z,-0.597147,,0,RETAINED_FINAL_CONTROL,same-AR main-gate record
NOAA11158_X2.2_20110215,11158,2011-02-14T19:23:26Z,-0.565184,,0,RETAINED_FINAL_CONTROL,same-AR main-gate record
NOAA11158_X2.2_20110215,11158,2011-02-14T19:35:26Z,-0.518346,,0,RETAINED_FINAL_CONTROL,same-AR main-gate record
