scenario_id,suite,pattern,n_valid,delta_3h,beta_true,noise_sd,phi,quant_step,shape,scenario_seed,n_total,n_computable,computable_rate,trendup_count,trendup_rate,trendup_ci_low,trendup_ci_high,p_reject_rate,mean_beta_TS,mean_CF,status_counts,null_fpr_pass
S0001,core_linear,FULL16,16,-1,-0.333333333333,0.25,0,0,linear,4536960147913088742,10000,9862,0.9862,0,0,0,0.000389369607927,0,-0.333209417183,0.927998034376,"{""NA_INVALID_CORRECTION_FACTOR"": 138, ""OK"": 9862}",
S0002,core_linear,FULL16,16,-1,-0.333333333333,0.25,0.3,0,linear,6584668511039139606,10000,9949,0.9949,0,0,0,0.000385966041616,0,-0.33314502602,0.968911197105,"{""NA_INVALID_CORRECTION_FACTOR"": 51, ""OK"": 9949}",
S0003,core_linear,FULL16,16,-1,-0.333333333333,0.25,0.6,0,linear,3318859685439270047,10000,9964,0.9964,0,0,0,0.000385385224731,0,-0.331832824887,1.09076934685,"{""NA_INVALID_CORRECTION_FACTOR"": 36, ""OK"": 9964}",
S0004,core_linear,FULL16,16,-1,-0.333333333333,0.25,0.9,0,linear,15052091455400899701,10000,9988,0.9988,3,0.000300360432519,0.000102154791327,0.000882794665813,0.000300360432519,-0.333024918965,1.28749983199,"{""NA_INVALID_CORRECTION_FACTOR"": 12, ""OK"": 9988}",
S0005,core_linear,FULL16,16,-1,-0.333333333333,1,0,0,linear,8372808381634825192,10000,9864,0.9864,45,0.00456204379562,0.00341138879666,0.00609843756327,0.00456204379562,-0.335661626673,0.926929686222,"{""NA_INVALID_CORRECTION_FACTOR"": 136, ""OK"": 9864}",
S0006,core_linear,FULL16,16,-1,-0.333333333333,1,0.3,0,linear,14224997549219873715,10000,9964,0.9964,181,0.0181653954235,0.0157227824958,0.0209793922259,0.0181653954235,-0.338481326523,0.964284703293,"{""NA_INVALID_CORRECTION_FACTOR"": 36, ""OK"": 9964}",
S0007,core_linear,FULL16,16,-1,-0.333333333333,1,0.6,0,linear,15716756007755058184,10000,9984,0.9984,526,0.0526842948718,0.0484716898401,0.0572409872357,0.0526842948718,-0.333844662392,1.09092559729,"{""NA_INVALID_CORRECTION_FACTOR"": 16, ""OK"": 9984}",
S0008,core_linear,FULL16,16,-1,-0.333333333333,1,0.9,0,linear,10054266223523188586,10000,9983,0.9983,917,0.0918561554643,0.0863464230112,0.0976798746325,0.0918561554643,-0.330068848053,1.30477328265,"{""NA_INVALID_CORRECTION_FACTOR"": 17, ""OK"": 9983}",
S0009,core_linear,FULL16,16,0,0,0.25,0,0,linear,11031705250046363813,10000,9863,0.9863,648,0.0657000912501,0.0609776466745,0.070760707919,0.0657000912501,-0.000627692904542,0.923490095027,"{""NA_INVALID_CORRECTION_FACTOR"": 137, ""OK"": 9863}",0
S0010,core_linear,FULL16,16,0,0,0.25,0.3,0,linear,16137854161738313782,10000,9959,0.9959,1037,0.104126920374,0.0982802430173,0.110278878134,0.104126920374,6.35021867381e-06,0.969242699691,"{""NA_INVALID_CORRECTION_FACTOR"": 41, ""OK"": 9959}",0
S0011,core_linear,FULL16,16,0,0,0.25,0.6,0,linear,13213277998391466469,10000,9966,0.9966,1756,0.176199076861,0.168844257648,0.183803422192,0.176199076861,-0.000375791674495,1.0980015224,"{""NA_INVALID_CORRECTION_FACTOR"": 34, ""OK"": 9966}",0
S0012,core_linear,FULL16,16,0,0,0.25,0.9,0,linear,16584368684362297674,10000,9990,0.999,2647,0.264964964965,0.25640256577,0.273708050918,0.264964964965,-0.000364682052822,1.28926578443,"{""NA_INVALID_CORRECTION_FACTOR"": 10, ""OK"": 9990}",0
S0013,core_linear,FULL16,16,0,0,1,0,0,linear,8774050340263384954,10000,9870,0.987,635,0.064336372847,0.0596634837955,0.0693482553673,0.064336372847,-0.00452475570987,0.922546917171,"{""NA_INVALID_CORRECTION_FACTOR"": 130, ""OK"": 9870}",0
S0014,core_linear,FULL16,16,0,0,1,0.3,0,linear,11996465676464223838,10000,9955,0.9955,1065,0.106981416374,0.101060573283,0.113205460336,0.106981416374,-0.00440888608985,0.968706505694,"{""NA_INVALID_CORRECTION_FACTOR"": 45, ""OK"": 9955}",0
S0015,core_linear,FULL16,16,0,0,1,0.6,0,linear,3597013985986438184,10000,9969,0.9969,1722,0.172735479988,0.165441362237,0.180281717094,0.172735479988,0.00281855167956,1.099970462,"{""NA_INVALID_CORRECTION_FACTOR"": 31, ""OK"": 9969}",0
S0016,core_linear,FULL16,16,0,0,1,0.9,0,linear,12351620883238664647,10000,9977,0.9977,2703,0.270923123183,0.262291694023,0.279730888055,0.270923123183,0.00749888535103,1.28476503679,"{""NA_INVALID_CORRECTION_FACTOR"": 23, ""OK"": 9977}",0
S0017,core_linear,FULL16,16,0.5,0.166666666667,0.25,0,0,linear,10985201081379524762,10000,9860,0.986,7198,0.730020283976,0.721169156164,0.738692249652,0.730020283976,0.165693811573,0.918008155937,"{""NA_INVALID_CORRECTION_FACTOR"": 140, ""OK"": 9860}",
S0018,core_linear,FULL16,16,0.5,0.166666666667,0.25,0.3,0,linear,14002520883159263979,10000,9959,0.9959,6989,0.701777286876,0.692716043592,0.710682928138,0.701777286876,0.166541260972,0.969319553657,"{""NA_INVALID_CORRECTION_FACTOR"": 41, ""OK"": 9959}",
S0019,core_linear,FULL16,16,0.5,0.166666666667,0.25,0.6,0,linear,14680152637911297888,10000,9972,0.9972,6632,0.665062174087,0.655736783301,0.674260441854,0.665062174087,0.165345967237,1.09252720432,"{""NA_INVALID_CORRECTION_FACTOR"": 28, ""OK"": 9972}",
S0020,core_linear,FULL16,16,0.5,0.166666666667,0.25,0.9,0,linear,10429233514691769737,10000,9979,0.9979,7639,0.765507565888,0.757093637268,0.773717156618,0.765507565888,0.168481347591,1.29616953428,"{""NA_INVALID_CORRECTION_FACTOR"": 21, ""OK"": 9979}",
S0021,core_linear,FULL16,16,0.5,0.166666666667,1,0,0,linear,10803964724766426516,10000,9868,0.9868,1644,0.166599108229,0.159377277823,0.174080413182,0.166599108229,0.168789180914,0.921744293583,"{""NA_INVALID_CORRECTION_FACTOR"": 132, ""OK"": 9868}",
S0022,core_linear,FULL16,16,0.5,0.166666666667,1,0.3,0,linear,11785201630285687099,10000,9957,0.9957,2188,0.219744903083,0.211720633527,0.227985336789,0.219744903083,0.16813811887,0.967805046732,"{""NA_INVALID_CORRECTION_FACTOR"": 43, ""OK"": 9957}",
S0023,core_linear,FULL16,16,0.5,0.166666666667,1,0.6,0,linear,17278473683348906803,10000,9971,0.9971,2824,0.283221341891,0.274462430392,0.292147222719,0.283221341891,0.169048022709,1.09130064477,"{""NA_INVALID_CORRECTION_FACTOR"": 29, ""OK"": 9971}",
S0024,core_linear,FULL16,16,0.5,0.166666666667,1,0.9,0,linear,4826958971880696217,10000,9980,0.998,3848,0.385571142285,0.376067620956,0.395162720649,0.385571142285,0.162970413046,1.29521454306,"{""NA_INVALID_CORRECTION_FACTOR"": 20, ""OK"": 9980}",
S0025,core_linear,FULL16,16,1,0.333333333333,0.25,0,0,linear,8874117503195202195,10000,9884,0.9884,9847,0.996256576285,0.99484473878,0.997282819176,0.996256576285,0.332947682386,0.921007617193,"{""NA_INVALID_CORRECTION_FACTOR"": 116, ""OK"": 9884}",
S0026,core_linear,FULL16,16,1,0.333333333333,0.25,0.3,0,linear,17561805138399065762,10000,9951,0.9951,9793,0.984122198774,0.981472725037,0.986398038135,0.984122198774,0.332255402057,0.964691912905,"{""NA_INVALID_CORRECTION_FACTOR"": 49, ""OK"": 9951}",
S0027,core_linear,FULL16,16,1,0.333333333333,0.25,0.6,0,linear,14126086419144381183,10000,9971,0.9971,9473,0.950055159964,0.945603534509,0.954160139636,0.950055159964,0.332692792399,1.10210772216,"{""NA_INVALID_CORRECTION_FACTOR"": 29, ""OK"": 9971}",
S0028,core_linear,FULL16,16,1,0.333333333333,0.25,0.9,0,linear,5994010804151370566,10000,9987,0.9987,9764,0.977670972264,0.974584294034,0.980390323402,0.977670972264,0.333249078519,1.29024775117,"{""NA_INVALID_CORRECTION_FACTOR"": 13, ""OK"": 9987}",
S0029,core_linear,FULL16,16,1,0.333333333333,1,0,0,linear,6046550944127051399,10000,9849,0.9849,3207,0.32561681389,0.31643173303,0.33493787295,0.32561681389,0.331287208342,0.925407190328,"{""NA_INVALID_CORRECTION_FACTOR"": 151, ""OK"": 9849}",
S0030,core_linear,FULL16,16,1,0.333333333333,1,0.3,0,linear,15650665608318960049,10000,9963,0.9963,3639,0.365251430292,0.355850299424,0.374756431796,0.365251430292,0.336362483969,0.966522492729,"{""NA_INVALID_CORRECTION_FACTOR"": 37, ""OK"": 9963}",
S0031,core_linear,FULL16,16,1,0.333333333333,1,0.6,0,linear,16976384324771009007,10000,9970,0.997,4008,0.402006018054,0.392421327996,0.411666193541,0.402006018054,0.328947288461,1.09126202873,"{""NA_INVALID_CORRECTION_FACTOR"": 30, ""OK"": 9970}",
S0032,core_linear,FULL16,16,1,0.333333333333,1,0.9,0,linear,6665442927069493318,10000,9984,0.9984,5258,0.526642628205,0.516840523558,0.536424238622,0.526642628205,0.336237218586,1.29735301298,"{""NA_INVALID_CORRECTION_FACTOR"": 16, ""OK"": 9984}",
S0033,core_linear,FULL16,16,2,0.666666666667,0.25,0,0,linear,12503858400376793289,10000,9865,0.9865,9865,1,0.999610748755,1,1,0.666984808853,0.91747442895,"{""NA_INVALID_CORRECTION_FACTOR"": 135, ""OK"": 9865}",
S0034,core_linear,FULL16,16,2,0.666666666667,0.25,0.3,0,linear,15561334181618152739,10000,9957,0.9957,9957,1,0.999614343945,1,1,0.665842381492,0.964804688522,"{""NA_INVALID_CORRECTION_FACTOR"": 43, ""OK"": 9957}",
S0035,core_linear,FULL16,16,2,0.666666666667,0.25,0.6,0,linear,11127472241147525094,10000,9973,0.9973,9972,0.999899729269,0.999432198647,0.999982299535,0.999899729269,0.665960568691,1.09798620456,"{""NA_INVALID_CORRECTION_FACTOR"": 27, ""OK"": 9973}",
S0036,core_linear,FULL16,16,2,0.666666666667,0.25,0.9,0,linear,4481121778588868029,10000,9985,0.9985,9984,0.999899849775,0.999432880761,0.999982320807,0.999899849775,0.665122943183,1.29565540327,"{""NA_INVALID_CORRECTION_FACTOR"": 15, ""OK"": 9985}",
S0037,core_linear,FULL16,16,2,0.666666666667,1,0,0,linear,2606125864645740922,10000,9860,0.986,7243,0.734584178499,0.725778508009,0.74320713205,0.734584178499,0.664790625804,0.920150785898,"{""NA_INVALID_CORRECTION_FACTOR"": 140, ""OK"": 9860}",
S0038,core_linear,FULL16,16,2,0.666666666667,1,0.3,0,linear,16782507731331962922,10000,9958,0.9958,7000,0.70295240008,0.693900453994,0.711847822236,0.70295240008,0.66290750489,0.966572791649,"{""NA_INVALID_CORRECTION_FACTOR"": 42, ""OK"": 9958}",
S0039,core_linear,FULL16,16,2,0.666666666667,1,0.6,0,linear,17682111767875006432,10000,9973,0.9973,6611,0.662889802467,0.653550926639,0.672103240905,0.662889802467,0.66081430365,1.09209106157,"{""NA_INVALID_CORRECTION_FACTOR"": 27, ""OK"": 9973}",
S0040,core_linear,FULL16,16,2,0.666666666667,1,0.9,0,linear,16477825700918334546,10000,9982,0.9982,7618,0.763173712683,0.754733463658,0.771411480828,0.763173712683,0.660449203222,1.29370699402,"{""NA_INVALID_CORRECTION_FACTOR"": 18, ""OK"": 9982}",
S0041,core_linear,EDGE_LEFT15,15,-1,-0.333333333333,0.25,0,0,linear,12483759516141381773,10000,9832,0.9832,0,0,0,0.000390557212291,0,-0.333910707625,0.91792112403,"{""NA_INVALID_CORRECTION_FACTOR"": 168, ""OK"": 9832}",
S0042,core_linear,EDGE_LEFT15,15,-1,-0.333333333333,0.25,0.3,0,linear,8094205024273437864,10000,9958,0.9958,1,0.00010042177144,1.77271284606e-05,0.000568656307257,0.00010042177144,-0.33404477398,0.96233139067,"{""NA_INVALID_CORRECTION_FACTOR"": 42, ""OK"": 9958}",
S0043,core_linear,EDGE_LEFT15,15,-1,-0.333333333333,0.25,0.6,0,linear,13569569693602181314,10000,9974,0.9974,0,0,2.71050543121e-20,0.000384998983653,0,-0.332730130018,1.06368626458,"{""NA_INVALID_CORRECTION_FACTOR"": 26, ""OK"": 9974}",
S0044,core_linear,EDGE_LEFT15,15,-1,-0.333333333333,0.25,0.9,0,linear,16957744894093085971,10000,9988,0.9988,2,0.000200240288346,5.49148271723e-05,0.000729871325912,0.000200240288346,-0.33330231009,1.22424860822,"{""NA_INVALID_CORRECTION_FACTOR"": 12, ""OK"": 9988}",
S0045,core_linear,EDGE_LEFT15,15,-1,-0.333333333333,1,0,0,linear,7779620503213230817,10000,9846,0.9846,89,0.00903920373756,0.00735182200875,0.0111095369462,0.00903920373756,-0.333313555928,0.922082533817,"{""NA_INVALID_CORRECTION_FACTOR"": 154, ""OK"": 9846}",
S0046,core_linear,EDGE_LEFT15,15,-1,-0.333333333333,1,0.3,0,linear,13972059508350460998,10000,9962,0.9962,201,0.0201766713511,0.0175949235634,0.0231283270018,0.0201766713511,-0.335490472725,0.962768332714,"{""NA_INVALID_CORRECTION_FACTOR"": 38, ""OK"": 9962}",
S0047,core_linear,EDGE_LEFT15,15,-1,-0.333333333333,1,0.6,0,linear,121566808754222907,10000,9986,0.9986,566,0.0566793510915,0.0523123138655,0.0613873342723,0.0566793510915,-0.333899589812,1.05778208842,"{""NA_INVALID_CORRECTION_FACTOR"": 14, ""OK"": 9986}",
S0048,core_linear,EDGE_LEFT15,15,-1,-0.333333333333,1,0.9,0,linear,11791952870186368109,10000,9991,0.9991,1049,0.104994495046,0.0991346478978,0.111157978301,0.104994495046,-0.335653648897,1.22459918738,"{""NA_INVALID_CORRECTION_FACTOR"": 9, ""OK"": 9991}",
S0049,core_linear,EDGE_LEFT15,15,0,0,0.25,0,0,linear,12667337590956391510,10000,9859,0.9859,682,0.0691753727559,0.0643324505915,0.0743538970023,0.0691753727559,0.000284444409557,0.920213393324,"{""NA_INVALID_CORRECTION_FACTOR"": 141, ""OK"": 9859}",0
S0050,core_linear,EDGE_LEFT15,15,0,0,0.25,0.3,0,linear,15891554889635637443,10000,9961,0.9961,1042,0.104607971087,0.0987494665912,0.110771323825,0.104607971087,-0.00109224320559,0.96118345475,"{""NA_INVALID_CORRECTION_FACTOR"": 39, ""OK"": 9961}",0
S0051,core_linear,EDGE_LEFT15,15,0,0,0.25,0.6,0,linear,2870895131881979888,10000,9973,0.9973,1748,0.175273237742,0.167936782745,0.182859756747,0.175273237742,0.000233514635938,1.05765161733,"{""NA_INVALID_CORRECTION_FACTOR"": 27, ""OK"": 9973}",0
S0052,core_linear,EDGE_LEFT15,15,0,0,0.25,0.9,0,linear,2240292216492267274,10000,9980,0.998,2699,0.270440881764,0.261815802001,0.279242615352,0.270440881764,0.00112166101091,1.22470425961,"{""NA_INVALID_CORRECTION_FACTOR"": 20, ""OK"": 9980}",0
S0053,core_linear,EDGE_LEFT15,15,0,0,1,0,0,linear,4291335342206395472,10000,9848,0.9848,655,0.0665109666937,0.0617568024214,0.0716031855882,0.0665109666937,0.000636525605949,0.92207243547,"{""NA_INVALID_CORRECTION_FACTOR"": 152, ""OK"": 9848}",0
S0054,core_linear,EDGE_LEFT15,15,0,0,1,0.3,0,linear,2170217264784438749,10000,9954,0.9954,1079,0.108398633715,0.102441750447,0.114657654856,0.108398633715,0.00153772399093,0.960288745539,"{""NA_INVALID_CORRECTION_FACTOR"": 46, ""OK"": 9954}",0
S0055,core_linear,EDGE_LEFT15,15,0,0,1,0.6,0,linear,9123156600903623026,10000,9977,0.9977,1723,0.172697203568,0.165406624555,0.180239729317,0.172697203568,-0.004413390473,1.06115538389,"{""NA_INVALID_CORRECTION_FACTOR"": 23, ""OK"": 9977}",0
S0056,core_linear,EDGE_LEFT15,15,0,0,1,0.9,0,linear,13675679009018527009,10000,9986,0.9986,2711,0.271480072101,0.262846660223,0.280289232493,0.271480072101,-0.00170575750634,1.21741177856,"{""NA_INVALID_CORRECTION_FACTOR"": 14, ""OK"": 9986}",0
S0057,core_linear,EDGE_LEFT15,15,0.5,0.166666666667,0.25,0,0,linear,5571532616412774352,10000,9855,0.9855,6511,0.66067985794,0.651270830653,0.669963668677,0.66067985794,0.168609748116,0.922885548807,"{""NA_INVALID_CORRECTION_FACTOR"": 145, ""OK"": 9855}",
S0058,core_linear,EDGE_LEFT15,15,0.5,0.166666666667,0.25,0.3,0,linear,14418558316487924243,10000,9954,0.9954,6284,0.631303998393,0.621777342251,0.640729347659,0.631303998393,0.164808935048,0.958451205451,"{""NA_INVALID_CORRECTION_FACTOR"": 46, ""OK"": 9954}",
S0059,core_linear,EDGE_LEFT15,15,0.5,0.166666666667,0.25,0.6,0,linear,5383467612347205723,10000,9971,0.9971,6199,0.621702938522,0.612138888541,0.631173249303,0.621702938522,0.16640287523,1.06431890362,"{""NA_INVALID_CORRECTION_FACTOR"": 29, ""OK"": 9971}",
S0060,core_linear,EDGE_LEFT15,15,0.5,0.166666666667,0.25,0.9,0,linear,4652249032631115855,10000,9982,0.9982,7472,0.748547385294,0.739941941174,0.756961601753,0.748547385294,0.166450959414,1.22339630785,"{""NA_INVALID_CORRECTION_FACTOR"": 18, ""OK"": 9982}",
S0061,core_linear,EDGE_LEFT15,15,0.5,0.166666666667,1,0,0,linear,6795965252963916767,10000,9854,0.9854,1382,0.140247615182,0.133531622204,0.147243988804,0.140247615182,0.161070631766,0.923674386534,"{""NA_INVALID_CORRECTION_FACTOR"": 146, ""OK"": 9854}",
S0062,core_linear,EDGE_LEFT15,15,0.5,0.166666666667,1,0.3,0,linear,12383433496651318641,10000,9967,0.9967,1948,0.195444968396,0.187777966667,0.203346641514,0.195444968396,0.166831601363,0.961961347219,"{""NA_INVALID_CORRECTION_FACTOR"": 33, ""OK"": 9967}",
S0063,core_linear,EDGE_LEFT15,15,0.5,0.166666666667,1,0.6,0,linear,8818109966144951614,10000,9983,0.9983,2659,0.26635279976,0.257772462723,0.275112882535,0.26635279976,0.168665276211,1.05462248266,"{""NA_INVALID_CORRECTION_FACTOR"": 17, ""OK"": 9983}",
S0064,core_linear,EDGE_LEFT15,15,0.5,0.166666666667,1,0.9,0,linear,4091360238549312552,10000,9985,0.9985,3798,0.380370555834,0.370895945851,0.389937178806,0.380370555834,0.16556022781,1.22486230892,"{""NA_INVALID_CORRECTION_FACTOR"": 15, ""OK"": 9985}",
S0065,core_linear,EDGE_LEFT15,15,1,0.333333333333,0.25,0,0,linear,14709775312085858731,10000,9860,0.986,9743,0.988133874239,0.985798416123,0.99008912629,0.988133874239,0.332745955881,0.923590208744,"{""NA_INVALID_CORRECTION_FACTOR"": 140, ""OK"": 9860}",
S0066,core_linear,EDGE_LEFT15,15,1,0.333333333333,0.25,0.3,0,linear,2157009622031203892,10000,9957,0.9957,9623,0.966455759767,0.962735394593,0.969816341964,0.966455759767,0.333328038791,0.960006631572,"{""NA_INVALID_CORRECTION_FACTOR"": 43, ""OK"": 9957}",
S0067,core_linear,EDGE_LEFT15,15,1,0.333333333333,0.25,0.6,0,linear,14069086978463121749,10000,9969,0.9969,9302,0.93309258702,0.928019065792,0.937832460642,0.93309258702,0.335806379681,1.06483278016,"{""NA_INVALID_CORRECTION_FACTOR"": 31, ""OK"": 9969}",
S0068,core_linear,EDGE_LEFT15,15,1,0.333333333333,0.25,0.9,0,linear,3664629998835262154,10000,9982,0.9982,9675,0.969244640353,0.965672960546,0.972455292204,0.969244640353,0.33479719553,1.22502777598,"{""NA_INVALID_CORRECTION_FACTOR"": 18, ""OK"": 9982}",
S0069,core_linear,EDGE_LEFT15,15,1,0.333333333333,1,0,0,linear,13571349482570671969,10000,9845,0.9845,2785,0.282884713052,0.274073813831,0.291864980303,0.282884713052,0.33401985947,0.920083760694,"{""NA_INVALID_CORRECTION_FACTOR"": 155, ""OK"": 9845}",
S0070,core_linear,EDGE_LEFT15,15,1,0.333333333333,1,0.3,0,linear,4857380663981046694,10000,9952,0.9952,3226,0.324155948553,0.315029444884,0.333418150985,0.324155948553,0.333084344385,0.959485638004,"{""NA_INVALID_CORRECTION_FACTOR"": 48, ""OK"": 9952}",
S0071,core_linear,EDGE_LEFT15,15,1,0.333333333333,1,0.6,0,linear,14223714680035162838,10000,9972,0.9972,3861,0.387184115523,0.37766879774,0.396786318724,0.387184115523,0.33855717467,1.06267548957,"{""NA_INVALID_CORRECTION_FACTOR"": 28, ""OK"": 9972}",
S0072,core_linear,EDGE_LEFT15,15,1,0.333333333333,1,0.9,0,linear,3701169326083068904,10000,9984,0.9984,5080,0.508814102564,0.499006452728,0.518614972354,0.508814102564,0.327972101196,1.2253231672,"{""NA_INVALID_CORRECTION_FACTOR"": 16, ""OK"": 9984}",
S0073,core_linear,EDGE_LEFT15,15,2,0.666666666667,0.25,0,0,linear,11269768923107802566,10000,9879,0.9879,9879,1,0.999611300167,1,1,0.667091059136,0.925064150876,"{""NA_INVALID_CORRECTION_FACTOR"": 121, ""OK"": 9879}",
S0074,core_linear,EDGE_LEFT15,15,2,0.666666666667,0.25,0.3,0,linear,11044106656982771688,10000,9952,0.9952,9952,1,0.999614150262,1,1,0.665649815149,0.959635790097,"{""NA_INVALID_CORRECTION_FACTOR"": 48, ""OK"": 9952}",
S0075,core_linear,EDGE_LEFT15,15,2,0.666666666667,0.25,0.6,0,linear,12982696141785349496,10000,9973,0.9973,9971,0.999799458538,0.99926903136,0.999945002575,0.999799458538,0.669582321219,1.05946037059,"{""NA_INVALID_CORRECTION_FACTOR"": 27, ""OK"": 9973}",
S0076,core_linear,EDGE_LEFT15,15,2,0.666666666667,0.25,0.9,0,linear,14980875023725357022,10000,9988,0.9988,9988,1,0.999615540455,1,1,0.668600678283,1.22474512069,"{""NA_INVALID_CORRECTION_FACTOR"": 12, ""OK"": 9988}",
S0077,core_linear,EDGE_LEFT15,15,2,0.666666666667,1,0,0,linear,8374518407319586505,10000,9866,0.9866,6526,0.661463612406,0.652064819249,0.670736718476,0.661463612406,0.673449359496,0.924251190171,"{""NA_INVALID_CORRECTION_FACTOR"": 134, ""OK"": 9866}",
S0078,core_linear,EDGE_LEFT15,15,2,0.666666666667,1,0.3,0,linear,17824514900355534824,10000,9962,0.9962,6253,0.627685203774,0.618144744124,0.637127227692,0.627685203774,0.66401402023,0.960467525211,"{""NA_INVALID_CORRECTION_FACTOR"": 38, ""OK"": 9962}",
S0079,core_linear,EDGE_LEFT15,15,2,0.666666666667,1,0.6,0,linear,13201173285503209009,10000,9971,0.9971,6265,0.628322134189,0.618789065486,0.637756365393,0.628322134189,0.672987444736,1.06275740589,"{""NA_INVALID_CORRECTION_FACTOR"": 29, ""OK"": 9971}",
S0080,core_linear,EDGE_LEFT15,15,2,0.666666666667,1,0.9,0,linear,7444534636622145903,10000,9985,0.9985,7384,0.739509263896,0.730809529412,0.748024779823,0.739509263896,0.665643539859,1.23191529563,"{""NA_INVALID_CORRECTION_FACTOR"": 15, ""OK"": 9985}",
S0081,core_linear,EDGE_RIGHT15,15,-1,-0.333333333333,0.25,0,0,linear,9295296623743771081,10000,9871,0.9871,0,0,0,0.000389014733726,0,-0.334076475402,0.92295359872,"{""NA_INVALID_CORRECTION_FACTOR"": 129, ""OK"": 9871}",
S0082,core_linear,EDGE_RIGHT15,15,-1,-0.333333333333,0.25,0.3,0,linear,8128453477589814995,10000,9961,0.9961,0,0,0,0.00038550124822,0,-0.333879397806,0.961104543936,"{""NA_INVALID_CORRECTION_FACTOR"": 39, ""OK"": 9961}",
S0083,core_linear,EDGE_RIGHT15,15,-1,-0.333333333333,0.25,0.6,0,linear,6425720583147394585,10000,9974,0.9974,3,0.000300782033287,0.000102298188072,0.0008840332606,0.000300782033287,-0.334215922734,1.05978975796,"{""NA_INVALID_CORRECTION_FACTOR"": 26, ""OK"": 9974}",
S0084,core_linear,EDGE_RIGHT15,15,-1,-0.333333333333,0.25,0.9,0,linear,15805361019942809299,10000,9992,0.9992,2,0.000200160128102,5.48928429672e-05,0.000729579265059,0.000200160128102,-0.334484526057,1.22515374756,"{""NA_INVALID_CORRECTION_FACTOR"": 8, ""OK"": 9992}",
S0085,core_linear,EDGE_RIGHT15,15,-1,-0.333333333333,1,0,0,linear,3581334883483978799,10000,9852,0.9852,67,0.00680064961429,0.00535899640906,0.00862676618631,0.00680064961429,-0.32998259693,0.924801148773,"{""NA_INVALID_CORRECTION_FACTOR"": 148, ""OK"": 9852}",
S0086,core_linear,EDGE_RIGHT15,15,-1,-0.333333333333,1,0.3,0,linear,5716419568374661713,10000,9959,0.9959,201,0.020182749272,0.0176002302697,0.0231352828365,0.020182749272,-0.330614332711,0.956025611157,"{""NA_INVALID_CORRECTION_FACTOR"": 41, ""OK"": 9959}",
S0087,core_linear,EDGE_RIGHT15,15,-1,-0.333333333333,1,0.6,0,linear,614928709373484438,10000,9976,0.9976,573,0.057437850842,0.0530400297214,0.0621763756258,0.057437850842,-0.332147853538,1.06197472264,"{""NA_INVALID_CORRECTION_FACTOR"": 24, ""OK"": 9976}",
S0088,core_linear,EDGE_RIGHT15,15,-1,-0.333333333333,1,0.9,0,linear,6651624056185989119,10000,9982,0.9982,1024,0.102584652374,0.0967845194897,0.108690549114,0.102584652374,-0.324553453207,1.22102864977,"{""NA_INVALID_CORRECTION_FACTOR"": 18, ""OK"": 9982}",
S0089,core_linear,EDGE_RIGHT15,15,0,0,0.25,0,0,linear,3991509617690458274,10000,9849,0.9849,636,0.0645750837648,0.0598889471985,0.0696007501799,0.0645750837648,2.52985846207e-05,0.924189662855,"{""NA_INVALID_CORRECTION_FACTOR"": 151, ""OK"": 9849}",0
S0090,core_linear,EDGE_RIGHT15,15,0,0,0.25,0.3,0,linear,11638114464737943449,10000,9947,0.9947,1098,0.110385040716,0.10437653874,0.116694359428,0.110385040716,0.000913752418182,0.957684161449,"{""NA_INVALID_CORRECTION_FACTOR"": 53, ""OK"": 9947}",0
S0091,core_linear,EDGE_RIGHT15,15,0,0,0.25,0.6,0,linear,2329626092017888361,10000,9977,0.9977,1782,0.178610804851,0.171219109045,0.186249895301,0.178610804851,0.000509466121246,1.05880618384,"{""NA_INVALID_CORRECTION_FACTOR"": 23, ""OK"": 9977}",0
S0092,core_linear,EDGE_RIGHT15,15,0,0,0.25,0.9,0,linear,14290890992264721653,10000,9985,0.9985,2652,0.265598397596,0.257027033095,0.274350052096,0.265598397596,-0.000581318998939,1.22922775285,"{""NA_INVALID_CORRECTION_FACTOR"": 15, ""OK"": 9985}",0
S0093,core_linear,EDGE_RIGHT15,15,0,0,1,0,0,linear,3406904197440137182,10000,9874,0.9874,648,0.0656268989265,0.0609095506674,0.0706820996177,0.0656268989265,-0.000790977220615,0.924376575029,"{""NA_INVALID_CORRECTION_FACTOR"": 126, ""OK"": 9874}",0
S0094,core_linear,EDGE_RIGHT15,15,0,0,1,0.3,0,linear,1274722312867473827,10000,9962,0.9962,1086,0.109014254166,0.103044282454,0.115285646616,0.109014254166,-0.000200354658817,0.957111081066,"{""NA_INVALID_CORRECTION_FACTOR"": 38, ""OK"": 9962}",0
S0095,core_linear,EDGE_RIGHT15,15,0,0,1,0.6,0,linear,2115187842382779272,10000,9983,0.9983,1679,0.168185916057,0.160976732039,0.175650365996,0.168185916057,-0.003311944439,1.06022061878,"{""NA_INVALID_CORRECTION_FACTOR"": 17, ""OK"": 9983}",0
S0096,core_linear,EDGE_RIGHT15,15,0,0,1,0.9,0,linear,13841037802386993139,10000,9983,0.9983,2670,0.267454672944,0.25886252916,0.276225714791,0.267454672944,0.000954935802155,1.22432420263,"{""NA_INVALID_CORRECTION_FACTOR"": 17, ""OK"": 9983}",0
S0097,core_linear,EDGE_RIGHT15,15,0.5,0.166666666667,0.25,0,0,linear,7238054188266574527,10000,9846,0.9846,6364,0.646353849279,0.636854835152,0.655738706789,0.646353849279,0.166312966057,0.922048121543,"{""NA_INVALID_CORRECTION_FACTOR"": 154, ""OK"": 9846}",
S0098,core_linear,EDGE_RIGHT15,15,0.5,0.166666666667,0.25,0.3,0,linear,13361010484917533399,10000,9955,0.9955,6418,0.644701155198,0.635245347633,0.654045330597,0.644701155198,0.167961383787,0.962943537847,"{""NA_INVALID_CORRECTION_FACTOR"": 45, ""OK"": 9955}",
S0099,core_linear,EDGE_RIGHT15,15,0.5,0.166666666667,0.25,0.6,0,linear,7162132900466565660,10000,9965,0.9965,6147,0.616859006523,0.607270581466,0.626357369146,0.616859006523,0.163488866135,1.06722244007,"{""NA_INVALID_CORRECTION_FACTOR"": 35, ""OK"": 9965}",
S0100,core_linear,EDGE_RIGHT15,15,0.5,0.166666666667,0.25,0.9,0,linear,893964354825844761,10000,9987,0.9987,7413,0.742264944428,0.73359472526,0.75074886281,0.742264944428,0.166367282152,1.22348645683,"{""NA_INVALID_CORRECTION_FACTOR"": 13, ""OK"": 9987}",
S0101,core_linear,EDGE_RIGHT15,15,0.5,0.166666666667,1,0,0,linear,14856863017440647317,10000,9864,0.9864,1481,0.150141930251,0.143228886978,0.157327366504,0.150141930251,0.168085198957,0.921680566451,"{""NA_INVALID_CORRECTION_FACTOR"": 136, ""OK"": 9864}",
S0102,core_linear,EDGE_RIGHT15,15,0.5,0.166666666667,1,0.3,0,linear,2550941997439026693,10000,9965,0.9965,1956,0.196287004516,0.188606260034,0.204201818517,0.196287004516,0.163229238153,0.959213363701,"{""NA_INVALID_CORRECTION_FACTOR"": 35, ""OK"": 9965}",
S0103,core_linear,EDGE_RIGHT15,15,0.5,0.166666666667,1,0.6,0,linear,14857967107361889305,10000,9983,0.9983,2658,0.26625262947,0.257673369185,0.275011712555,0.26625262947,0.159243050128,1.06752480649,"{""NA_INVALID_CORRECTION_FACTOR"": 17, ""OK"": 9983}",
S0104,core_linear,EDGE_RIGHT15,15,0.5,0.166666666667,1,0.9,0,linear,339221259037436017,10000,9984,0.9984,3870,0.387620192308,0.37810842279,0.397218407411,0.387620192308,0.173654955777,1.22709119667,"{""NA_INVALID_CORRECTION_FACTOR"": 16, ""OK"": 9984}",
S0105,core_linear,EDGE_RIGHT15,15,1,0.333333333333,0.25,0,0,linear,17962256474732141608,10000,9840,0.984,9738,0.989634146341,0.987433159495,0.991452983715,0.989634146341,0.332796739124,0.923907677823,"{""NA_INVALID_CORRECTION_FACTOR"": 160, ""OK"": 9840}",
S0106,core_linear,EDGE_RIGHT15,15,1,0.333333333333,0.25,0.3,0,linear,18377723501988241650,10000,9956,0.9956,9634,0.967657693853,0.963998334276,0.970956307171,0.967657693853,0.332868628727,0.96022612745,"{""NA_INVALID_CORRECTION_FACTOR"": 44, ""OK"": 9956}",
S0107,core_linear,EDGE_RIGHT15,15,1,0.333333333333,0.25,0.6,0,linear,10167074172576249680,10000,9976,0.9976,9345,0.93674819567,0.931801455304,0.941358708207,0.93674819567,0.333763793656,1.05916034129,"{""NA_INVALID_CORRECTION_FACTOR"": 24, ""OK"": 9976}",
S0108,core_linear,EDGE_RIGHT15,15,1,0.333333333333,0.25,0.9,0,linear,6146798822468929708,10000,9976,0.9976,9661,0.968424218123,0.964808370763,0.971679452071,0.968424218123,0.333919215044,1.22375343168,"{""NA_INVALID_CORRECTION_FACTOR"": 24, ""OK"": 9976}",
S0109,core_linear,EDGE_RIGHT15,15,1,0.333333333333,1,0,0,linear,12363714488490931073,10000,9835,0.9835,2789,0.283579054398,0.274756852505,0.292570254267,0.283579054398,0.333103587052,0.922510433022,"{""NA_INVALID_CORRECTION_FACTOR"": 165, ""OK"": 9835}",
S0110,core_linear,EDGE_RIGHT15,15,1,0.333333333333,1,0.3,0,linear,3708158538049492082,10000,9949,0.9949,3287,0.330384963313,0.321209658508,0.339691199406,0.330384963313,0.332460595519,0.960788330402,"{""NA_INVALID_CORRECTION_FACTOR"": 51, ""OK"": 9949}",
S0111,core_linear,EDGE_RIGHT15,15,1,0.333333333333,1,0.6,0,linear,2541375209683292048,10000,9972,0.9972,3862,0.38728439631,0.377768584543,0.396887016262,0.38728439631,0.331863635204,1.06333791224,"{""NA_INVALID_CORRECTION_FACTOR"": 28, ""OK"": 9972}",
S0112,core_linear,EDGE_RIGHT15,15,1,0.333333333333,1,0.9,0,linear,4436315681916577575,10000,9978,0.9978,5070,0.50811785929,0.498307297966,0.517922172384,0.50811785929,0.338142677235,1.22417671658,"{""NA_INVALID_CORRECTION_FACTOR"": 22, ""OK"": 9978}",
S0113,core_linear,EDGE_RIGHT15,15,2,0.666666666667,0.25,0,0,linear,11226184866283648900,10000,9861,0.9861,9861,1,0.999610590922,1,1,0.665241466953,0.914549444189,"{""NA_INVALID_CORRECTION_FACTOR"": 139, ""OK"": 9861}",
S0114,core_linear,EDGE_RIGHT15,15,2,0.666666666667,0.25,0.3,0,linear,3708908878621737113,10000,9949,0.9949,9948,0.999899487386,0.999430829483,0.999982256835,0.999899487386,0.667828583809,0.959248922814,"{""NA_INVALID_CORRECTION_FACTOR"": 51, ""OK"": 9949}",
S0115,core_linear,EDGE_RIGHT15,15,2,0.666666666667,0.25,0.6,0,linear,14545038753823688271,10000,9979,0.9979,9976,0.999699368674,0.999116409493,0.999897753071,0.999699368674,0.667875439348,1.06267614109,"{""NA_INVALID_CORRECTION_FACTOR"": 21, ""OK"": 9979}",
S0116,core_linear,EDGE_RIGHT15,15,2,0.666666666667,0.25,0.9,0,linear,14873067253597690717,10000,9981,0.9981,9981,1,0.999615270925,1,1,0.666320086872,1.22378061441,"{""NA_INVALID_CORRECTION_FACTOR"": 19, ""OK"": 9981}",
S0117,core_linear,EDGE_RIGHT15,15,2,0.666666666667,1,0,0,linear,5599209634669472435,10000,9863,0.9863,6478,0.656798134442,0.647368826549,0.666105349854,0.656798134442,0.667836210439,0.923625215325,"{""NA_INVALID_CORRECTION_FACTOR"": 137, ""OK"": 9863}",
S0118,core_linear,EDGE_RIGHT15,15,2,0.666666666667,1,0.3,0,linear,6382140116580061364,10000,9943,0.9943,6328,0.636427637534,0.626921676654,0.645828222018,0.636427637534,0.665737499438,0.95835178656,"{""NA_INVALID_CORRECTION_FACTOR"": 57, ""OK"": 9943}",
S0119,core_linear,EDGE_RIGHT15,15,2,0.666666666667,1,0.6,0,linear,6526670215243568041,10000,9974,0.9974,6194,0.621014638059,0.611448920351,0.630487174742,0.621014638059,0.661646583964,1.05603205475,"{""NA_INVALID_CORRECTION_FACTOR"": 26, ""OK"": 9974}",
S0120,core_linear,EDGE_RIGHT15,15,2,0.666666666667,1,0.9,0,linear,7433592980607606596,10000,9986,0.9986,7425,0.74354095734,0.734883709967,0.752010903932,0.74354095734,0.666209799242,1.22379991807,"{""NA_INVALID_CORRECTION_FACTOR"": 14, ""OK"": 9986}",
S0121,core_linear,EDGE_BOTH14,14,-1,-0.333333333333,0.25,0,0,linear,7303602399098591395,10000,9849,0.9849,0,0,0,0.00038988334855,0,-0.335001537442,0.92787758758,"{""NA_INVALID_CORRECTION_FACTOR"": 151, ""OK"": 9849}",
S0122,core_linear,EDGE_BOTH14,14,-1,-0.333333333333,0.25,0.3,0,linear,12933968808179215201,10000,9942,0.9942,1,0.000100583383625,1.77556576881e-05,0.000569571100423,0.000100583383625,-0.333800322662,0.956282145282,"{""NA_INVALID_CORRECTION_FACTOR"": 58, ""OK"": 9942}",
S0123,core_linear,EDGE_BOTH14,14,-1,-0.333333333333,0.25,0.6,0,linear,2280637162374072146,10000,9979,0.9979,2,0.000200420883856,5.49643560748e-05,0.000730529318551,0.000200420883856,-0.333792012186,1.03489787466,"{""NA_INVALID_CORRECTION_FACTOR"": 21, ""OK"": 9979}",
S0124,core_linear,EDGE_BOTH14,14,-1,-0.333333333333,0.25,0.9,0,linear,4801202624522994000,10000,9976,0.9976,6,0.000601443464314,0.00027567516433,0.00131167057518,0.000601443464314,-0.332188922232,1.15062198133,"{""NA_INVALID_CORRECTION_FACTOR"": 24, ""OK"": 9976}",
S0125,core_linear,EDGE_BOTH14,14,-1,-0.333333333333,1,0,0,linear,11267178558903935347,10000,9862,0.9862,85,0.0086189413912,0.00697624848853,0.0106442919941,0.0086189413912,-0.332547699868,0.924139597101,"{""NA_INVALID_CORRECTION_FACTOR"": 138, ""OK"": 9862}",
S0126,core_linear,EDGE_BOTH14,14,-1,-0.333333333333,1,0.3,0,linear,15968385881046329126,10000,9957,0.9957,212,0.0212915536808,0.0186353131557,0.0243170278277,0.0212915536808,-0.338428063479,0.95490668754,"{""NA_INVALID_CORRECTION_FACTOR"": 43, ""OK"": 9957}",
S0127,core_linear,EDGE_BOTH14,14,-1,-0.333333333333,1,0.6,0,linear,11141932682968243735,10000,9974,0.9974,554,0.0555444154802,0.0512181943433,0.0602128665138,0.0555444154802,-0.333566533135,1.03245003427,"{""NA_INVALID_CORRECTION_FACTOR"": 26, ""OK"": 9974}",
S0128,core_linear,EDGE_BOTH14,14,-1,-0.333333333333,1,0.9,0,linear,17859890227883510015,10000,9985,0.9985,1029,0.103054581873,0.0972430742606,0.109171400063,0.103054581873,-0.338037929708,1.1606689837,"{""NA_INVALID_CORRECTION_FACTOR"": 15, ""OK"": 9985}",
S0129,core_linear,EDGE_BOTH14,14,0,0,0.25,0,0,linear,10419869142141311969,10000,9864,0.9864,564,0.0571776155718,0.0527657104955,0.0619342939122,0.0571776155718,-0.00045193556974,0.924691247915,"{""NA_INVALID_CORRECTION_FACTOR"": 136, ""OK"": 9864}",0
S0130,core_linear,EDGE_BOTH14,14,0,0,0.25,0.3,0,linear,2571137192140768087,10000,9958,0.9958,986,0.0990158666399,0.0933031685158,0.105037817635,0.0990158666399,4.26281461407e-05,0.957090682376,"{""NA_INVALID_CORRECTION_FACTOR"": 42, ""OK"": 9958}",0
S0131,core_linear,EDGE_BOTH14,14,0,0,0.25,0.6,0,linear,17890384086773773302,10000,9973,0.9973,1666,0.167051037802,0.15985854694,0.174499924385,0.167051037802,-1.69219018625e-05,1.03613815551,"{""NA_INVALID_CORRECTION_FACTOR"": 27, ""OK"": 9973}",0
S0132,core_linear,EDGE_BOTH14,14,0,0,0.25,0.9,0,linear,92477921090258834,10000,9985,0.9985,2568,0.257185778668,0.248707203961,0.265851113939,0.257185778668,-0.00174992516318,1.15204267468,"{""NA_INVALID_CORRECTION_FACTOR"": 15, ""OK"": 9985}",0
S0133,core_linear,EDGE_BOTH14,14,0,0,1,0,0,linear,9100894860347679084,10000,9849,0.9849,539,0.0547263681592,0.0504056045396,0.059394341328,0.0547263681592,-0.005554450286,0.928716671524,"{""NA_INVALID_CORRECTION_FACTOR"": 151, ""OK"": 9849}",1
S0134,core_linear,EDGE_BOTH14,14,0,0,1,0.3,0,linear,5782027051670340419,10000,9946,0.9946,952,0.095716871104,0.090090070453,0.101655844969,0.095716871104,0.000974930686762,0.958919906372,"{""NA_INVALID_CORRECTION_FACTOR"": 54, ""OK"": 9946}",0
S0135,core_linear,EDGE_BOTH14,14,0,0,1,0.6,0,linear,8730281643874005868,10000,9977,0.9977,1579,0.158264007217,0.15123382463,0.165557246731,0.158264007217,2.69587832552e-06,1.031784537,"{""NA_INVALID_CORRECTION_FACTOR"": 23, ""OK"": 9977}",0
S0136,core_linear,EDGE_BOTH14,14,0,0,1,0.9,0,linear,17304296119633573339,10000,9981,0.9981,2627,0.263200080152,0.254653059586,0.271929308347,0.263200080152,0.00297983557539,1.15355405059,"{""NA_INVALID_CORRECTION_FACTOR"": 19, ""OK"": 9981}",0
S0137,core_linear,EDGE_BOTH14,14,0.5,0.166666666667,0.25,0,0,linear,1391601874404413848,10000,9851,0.9851,5434,0.551619124962,0.541780000907,0.561418006311,0.551619124962,0.168099593218,0.926264700896,"{""NA_INVALID_CORRECTION_FACTOR"": 149, ""OK"": 9851}",
S0138,core_linear,EDGE_BOTH14,14,0.5,0.166666666667,0.25,0.3,0,linear,16025751120758120716,10000,9962,0.9962,5571,0.55922505521,0.549454707951,0.568949744385,0.55922505521,0.16756900559,0.952426063574,"{""NA_INVALID_CORRECTION_FACTOR"": 38, ""OK"": 9962}",
S0139,core_linear,EDGE_BOTH14,14,0.5,0.166666666667,0.25,0.6,0,linear,11154090968737034679,10000,9971,0.9971,5747,0.576371477284,0.566644986697,0.586039144302,0.576371477284,0.166476971471,1.03174039759,"{""NA_INVALID_CORRECTION_FACTOR"": 29, ""OK"": 9971}",
S0140,core_linear,EDGE_BOTH14,14,0.5,0.166666666667,0.25,0.9,0,linear,16655957694602808293,10000,9981,0.9981,7207,0.72207193668,0.713199219112,0.730773779185,0.72207193668,0.167889971094,1.15127194858,"{""NA_INVALID_CORRECTION_FACTOR"": 19, ""OK"": 9981}",
S0141,core_linear,EDGE_BOTH14,14,0.5,0.166666666667,1,0,0,linear,12863362123600964174,10000,9832,0.9832,1202,0.122253864931,0.115925933244,0.128876859573,0.122253864931,0.165809524817,0.926094026151,"{""NA_INVALID_CORRECTION_FACTOR"": 168, ""OK"": 9832}",
S0142,core_linear,EDGE_BOTH14,14,0.5,0.166666666667,1,0.3,0,linear,4982928691891644976,10000,9958,0.9958,1747,0.175436834706,0.168092146671,0.18303183711,0.175436834706,0.16779491766,0.959468548948,"{""NA_INVALID_CORRECTION_FACTOR"": 42, ""OK"": 9958}",
S0143,core_linear,EDGE_BOTH14,14,0.5,0.166666666667,1,0.6,0,linear,3139899301057995947,10000,9960,0.996,2427,0.243674698795,0.235343590575,0.252203454297,0.243674698795,0.166513437326,1.0282710404,"{""NA_INVALID_CORRECTION_FACTOR"": 40, ""OK"": 9960}",
S0144,core_linear,EDGE_BOTH14,14,0.5,0.166666666667,1,0.9,0,linear,9238621185556337560,10000,9980,0.998,3704,0.371142284569,0.361715285303,0.380668444386,0.371142284569,0.162330763072,1.15056204952,"{""NA_INVALID_CORRECTION_FACTOR"": 20, ""OK"": 9980}",
S0145,core_linear,EDGE_BOTH14,14,1,0.333333333333,0.25,0,0,linear,6404537331627151671,10000,9833,0.9833,9434,0.9594223533,0.955339677382,0.963146204273,0.9594223533,0.332927459732,0.92119951023,"{""NA_INVALID_CORRECTION_FACTOR"": 167, ""OK"": 9833}",
S0146,core_linear,EDGE_BOTH14,14,1,0.333333333333,0.25,0.3,0,linear,10679456669504104224,10000,9960,0.996,9306,0.934337349398,0.929303548578,0.939036241427,0.934337349398,0.332979021601,0.95780263852,"{""NA_INVALID_CORRECTION_FACTOR"": 40, ""OK"": 9960}",
S0147,core_linear,EDGE_BOTH14,14,1,0.333333333333,0.25,0.6,0,linear,2551867574387473409,10000,9977,0.9977,8971,0.899168086599,0.893105224938,0.904923682029,0.899168086599,0.334721050916,1.0321380562,"{""NA_INVALID_CORRECTION_FACTOR"": 23, ""OK"": 9977}",
S0148,core_linear,EDGE_BOTH14,14,1,0.333333333333,0.25,0.9,0,linear,4146459708390457435,10000,9983,0.9983,9551,0.956726434939,0.952556279463,0.960545228917,0.956726434939,0.332426504624,1.15952504781,"{""NA_INVALID_CORRECTION_FACTOR"": 17, ""OK"": 9983}",
S0149,core_linear,EDGE_BOTH14,14,1,0.333333333333,1,0,0,linear,11729675430147068407,10000,9862,0.9862,2214,0.224498073413,0.216371255051,0.232839435929,0.224498073413,0.329672095083,0.921761022569,"{""NA_INVALID_CORRECTION_FACTOR"": 138, ""OK"": 9862}",
S0150,core_linear,EDGE_BOTH14,14,1,0.333333333333,1,0.3,0,linear,16719372956926268071,10000,9956,0.9956,2740,0.275210928084,0.266525968865,0.284069287244,0.275210928084,0.324487103515,0.960733154257,"{""NA_INVALID_CORRECTION_FACTOR"": 44, ""OK"": 9956}",
S0151,core_linear,EDGE_BOTH14,14,1,0.333333333333,1,0.6,0,linear,18206666049379028307,10000,9977,0.9977,3520,0.352811466373,0.343493377575,0.362242855977,0.352811466373,0.341680376624,1.0288932912,"{""NA_INVALID_CORRECTION_FACTOR"": 23, ""OK"": 9977}",
S0152,core_linear,EDGE_BOTH14,14,1,0.333333333333,1,0.9,0,linear,8767366509756037348,10000,9987,0.9987,4946,0.495243816962,0.485441778506,0.505049512904,0.495243816962,0.338424844701,1.15095928927,"{""NA_INVALID_CORRECTION_FACTOR"": 13, ""OK"": 9987}",
S0153,core_linear,EDGE_BOTH14,14,2,0.666666666667,0.25,0,0,linear,12910698350810048921,10000,9856,0.9856,9856,1,0.999610393449,1,1,0.667198152615,0.924833032321,"{""NA_INVALID_CORRECTION_FACTOR"": 144, ""OK"": 9856}",
S0154,core_linear,EDGE_BOTH14,14,2,0.666666666667,0.25,0.3,0,linear,17739554864910976962,10000,9951,0.9951,9951,1,0.999614111502,1,1,0.66629358824,0.960757512119,"{""NA_INVALID_CORRECTION_FACTOR"": 49, ""OK"": 9951}",
S0155,core_linear,EDGE_BOTH14,14,2,0.666666666667,0.25,0.6,0,linear,14162612625657895927,10000,9970,0.997,9967,0.999699097292,0.999115612217,0.999897660767,0.999699097292,0.668501586331,1.02983000767,"{""NA_INVALID_CORRECTION_FACTOR"": 30, ""OK"": 9970}",
S0156,core_linear,EDGE_BOTH14,14,2,0.666666666667,0.25,0.9,0,linear,1574652457401492259,10000,9979,0.9979,9978,0.999899789558,0.999432539909,0.999982310177,0.999899789558,0.666314039514,1.15344741135,"{""NA_INVALID_CORRECTION_FACTOR"": 21, ""OK"": 9979}",
S0157,core_linear,EDGE_BOTH14,14,2,0.666666666667,1,0,0,linear,5159380065009582280,10000,9831,0.9831,5377,0.546943342488,0.537086875767,0.556763137359,0.546943342488,0.669907282493,0.925134235977,"{""NA_INVALID_CORRECTION_FACTOR"": 169, ""OK"": 9831}",
S0158,core_linear,EDGE_BOTH14,14,2,0.666666666667,1,0.3,0,linear,11296920317150348588,10000,9950,0.995,5521,0.554874371859,0.545089989844,0.564616398842,0.554874371859,0.665751731437,0.953026145241,"{""NA_INVALID_CORRECTION_FACTOR"": 50, ""OK"": 9950}",
S0159,core_linear,EDGE_BOTH14,14,2,0.666666666667,1,0.6,0,linear,15327539260289067760,10000,9974,0.9974,5804,0.581912973732,0.572203240215,0.591559634425,0.581912973732,0.670042365133,1.02980310365,"{""NA_INVALID_CORRECTION_FACTOR"": 26, ""OK"": 9974}",
S0160,core_linear,EDGE_BOTH14,14,2,0.666666666667,1,0.9,0,linear,1923526757134551393,10000,9983,0.9983,7145,0.715716718421,0.706786674733,0.724480810363,0.715716718421,0.664968692423,1.14924346596,"{""NA_INVALID_CORRECTION_FACTOR"": 17, ""OK"": 9983}",
S0161,tie_quantization,FULL16,16,0,0,1,0,0.1,linear,7960587854030312666,10000,9866,0.9866,631,0.0639570241233,0.0592966688598,0.0689568055351,0.0639570241233,-0.00196672731451,0.921378786987,"{""NA_INVALID_CORRECTION_FACTOR"": 134, ""OK"": 9866}",0
S0162,tie_quantization,FULL16,16,0,0,1,0,0.5,linear,10482027919854674146,10000,9888,0.9888,567,0.0573422330097,0.0529292432668,0.0620990316563,0.0586569579288,-0.000371084706264,0.930115686388,"{""NA_INVALID_CORRECTION_FACTOR"": 112, ""OK"": 9888}",0
S0163,tie_quantization,FULL16,16,0,0,1,0,1,linear,5591970269101367621,10000,9914,0.9914,425,0.0428686705669,0.0390552680381,0.0470361927265,0.0540649586443,-0.000671210444006,0.944864542258,"{""NA_INVALID_CORRECTION_FACTOR"": 86, ""OK"": 9914}",1
S0164,tie_quantization,FULL16,16,0,0,1,0.6,0.1,linear,16211415616954604146,10000,9974,0.9974,1696,0.170042109485,0.162796884572,0.177541401302,0.170042109485,-0.00701216568283,1.09626843063,"{""NA_INVALID_CORRECTION_FACTOR"": 26, ""OK"": 9974}",0
S0165,tie_quantization,FULL16,16,0,0,1,0.6,0.5,linear,9771827634782185688,10000,9979,0.9979,1668,0.167151017136,0.159958862598,0.174599336348,0.167952700671,-9.75331857685e-05,1.09888623392,"{""NA_INVALID_CORRECTION_FACTOR"": 21, ""OK"": 9979}",0
S0166,tie_quantization,FULL16,16,0,0,1,0.6,1,linear,11125528085568529826,10000,9988,0.9988,1399,0.140068081698,0.133400072636,0.147012849283,0.164997997597,0.00479134874159,1.10904192812,"{""CONSTANT_NO_TREND"": 1, ""NA_INVALID_CORRECTION_FACTOR"": 12, ""OK"": 9987}",0
S0167,tie_quantization,FULL16,16,1,0.333333333333,1,0,0.1,linear,14134656280455513112,10000,9865,0.9865,3115,0.31576279777,0.306663609202,0.325005415458,0.31576279777,0.332511227931,0.923358848377,"{""NA_INVALID_CORRECTION_FACTOR"": 135, ""OK"": 9865}",
S0168,tie_quantization,FULL16,16,1,0.333333333333,1,0,0.5,linear,7260190938031214897,10000,9857,0.9857,3119,0.316424875723,0.307316601172,0.325676179909,0.31906259511,0.306795042836,0.926268789641,"{""NA_INVALID_CORRECTION_FACTOR"": 143, ""OK"": 9857}",
S0169,tie_quantization,FULL16,16,1,0.333333333333,1,0,1,linear,13750821501725135976,10000,9931,0.9931,2765,0.278421105629,0.269692618513,0.2873209465,0.309737186587,0.219178437334,0.943447500747,"{""NA_INVALID_CORRECTION_FACTOR"": 69, ""OK"": 9931}",
S0170,tie_quantization,FULL16,16,1,0.333333333333,1,0.6,0.1,linear,15039480614750693556,10000,9975,0.9975,3962,0.397192982456,0.387631886639,0.406833231535,0.397192982456,0.332936569557,1.09240202951,"{""NA_INVALID_CORRECTION_FACTOR"": 25, ""OK"": 9975}",
S0171,tie_quantization,FULL16,16,1,0.333333333333,1,0.6,0.5,linear,16584140194627293343,10000,9977,0.9977,3985,0.399418662925,0.389848597651,0.409066152345,0.400922120878,0.321096391956,1.0925500645,"{""NA_INVALID_CORRECTION_FACTOR"": 23, ""OK"": 9977}",
S0172,tie_quantization,FULL16,16,1,0.333333333333,1,0.6,1,linear,2921031588085943851,10000,9986,0.9986,3581,0.35860204286,0.349251688024,0.368061143051,0.394051672341,0.269890010239,1.10860639308,"{""NA_INVALID_CORRECTION_FACTOR"": 14, ""OK"": 9986}",
S0173,tie_quantization,EDGE_BOTH14,14,0,0,1,0,0.1,linear,17113659638249312025,10000,9850,0.985,641,0.065076142132,0.0603725716482,0.0701188173389,0.065076142132,-0.00149305615422,0.9242762607,"{""NA_INVALID_CORRECTION_FACTOR"": 150, ""OK"": 9850}",0
S0174,tie_quantization,EDGE_BOTH14,14,0,0,1,0,0.5,linear,18117770241085348627,10000,9862,0.9862,606,0.0614479821537,0.0568769130311,0.0663605689308,0.0632731697424,0.00194828648109,0.930084153092,"{""NA_INVALID_CORRECTION_FACTOR"": 138, ""OK"": 9862}",0
S0175,tie_quantization,EDGE_BOTH14,14,0,0,1,0,1,linear,933839922098386807,10000,9890,0.989,438,0.0442871587462,0.0404063824781,0.048521812145,0.0552072800809,0.00264735264735,0.946513624091,"{""NA_INVALID_CORRECTION_FACTOR"": 110, ""OK"": 9890}",1
S0176,tie_quantization,EDGE_BOTH14,14,0,0,1,0.6,0.1,linear,17507857325221384845,10000,9979,0.9979,1715,0.171860907907,0.164585598397,0.179388757299,0.171860907907,0.00267176038045,1.03681435161,"{""NA_INVALID_CORRECTION_FACTOR"": 21, ""OK"": 9979}",0
S0177,tie_quantization,EDGE_BOTH14,14,0,0,1,0.6,0.5,linear,13727579612321124473,10000,9973,0.9973,1752,0.175674320666,0.168331000053,0.183267396423,0.176576757245,0.00310131254932,1.03424899121,"{""NA_INVALID_CORRECTION_FACTOR"": 27, ""OK"": 9973}",0
S0178,tie_quantization,EDGE_BOTH14,14,0,0,1,0.6,1,linear,1661737258711767576,10000,9989,0.9989,1406,0.140754830313,0.134072955605,0.147712907848,0.159575533086,-0.00451844570375,1.05285833104,"{""NA_INVALID_CORRECTION_FACTOR"": 11, ""OK"": 9989}",0
S0179,tie_quantization,EDGE_BOTH14,14,1,0.333333333333,1,0,0.1,linear,5479874293249792668,10000,9852,0.9852,2569,0.260759236703,0.252184079787,0.269520888815,0.260759236703,0.336911637585,0.923869981771,"{""NA_INVALID_CORRECTION_FACTOR"": 148, ""OK"": 9852}",
S0180,tie_quantization,EDGE_BOTH14,14,1,0.333333333333,1,0,0.5,linear,1958827172316461020,10000,9863,0.9863,2403,0.243637838386,0.23526680883,0.252208486977,0.24556422995,0.308770940551,0.929600603492,"{""NA_INVALID_CORRECTION_FACTOR"": 137, ""OK"": 9863}",
S0181,tie_quantization,EDGE_BOTH14,14,1,0.333333333333,1,0,1,linear,1248207683458737699,10000,9910,0.991,2035,0.205348133199,0.197509769125,0.213414843271,0.224318869828,0.210234858482,0.943534920395,"{""NA_INVALID_CORRECTION_FACTOR"": 90, ""OK"": 9910}",
S0182,tie_quantization,EDGE_BOTH14,14,1,0.333333333333,1,0.6,0.1,linear,5822321717829352128,10000,9965,0.9965,3639,0.365178123432,0.355778361403,0.374681791756,0.365178123432,0.334313703245,1.03088987086,"{""NA_INVALID_CORRECTION_FACTOR"": 35, ""OK"": 9965}",
S0183,tie_quantization,EDGE_BOTH14,14,1,0.333333333333,1,0.6,0.5,linear,3295163808652394592,10000,9970,0.997,3538,0.354864593781,0.345530152905,0.364310833444,0.355967903711,0.320676140699,1.03372870194,"{""NA_INVALID_CORRECTION_FACTOR"": 30, ""OK"": 9970}",
S0184,tie_quantization,EDGE_BOTH14,14,1,0.333333333333,1,0.6,1,linear,7668643669885454453,10000,9980,0.998,3192,0.319839679359,0.310759790487,0.329058207943,0.345190380762,0.271355348059,1.05086362435,"{""NA_INVALID_CORRECTION_FACTOR"": 20, ""OK"": 9980}",
