case_id,case_type,t_pred_TAI,T_REC_TAI,relative_to_t_pred_hr,HARPNUM,NOAA_AR,SHRGT45_percent,QUALITY,query
AR11158_buffer_0_to_3h_20110214_2248_TAI,BUFFER_EDGE,2011.02.14_22:48:00_TAI,2011.02.14_19:48:00_TAI,-3.0,377,11158,59.597,0x00000000,hmi.sharp_cea_720s[377][2011.02.14_19:48:00_TAI/9h@12m]
AR11158_buffer_0_to_3h_20110214_2248_TAI,BUFFER_EDGE,2011.02.14_22:48:00_TAI,2011.02.14_20:00:00_TAI,-2.8,377,11158,59.587,0x00000000,hmi.sharp_cea_720s[377][2011.02.14_19:48:00_TAI/9h@12m]
AR11158_buffer_0_to_3h_20110214_2248_TAI,BUFFER_EDGE,2011.02.14_22:48:00_TAI,2011.02.14_20:12:00_TAI,-2.6,377,11158,59.966,0x00000000,hmi.sharp_cea_720s[377][2011.02.14_19:48:00_TAI/9h@12m]
AR11158_buffer_0_to_3h_20110214_2248_TAI,BUFFER_EDGE,2011.02.14_22:48:00_TAI,2011.02.14_20:24:00_TAI,-2.4,377,11158,60.043,0x00000000,hmi.sharp_cea_720s[377][2011.02.14_19:48:00_TAI/9h@12m]
AR11158_buffer_0_to_3h_20110214_2248_TAI,BUFFER_EDGE,2011.02.14_22:48:00_TAI,2011.02.14_20:36:00_TAI,-2.2,377,11158,60.143,0x00000000,hmi.sharp_cea_720s[377][2011.02.14_19:48:00_TAI/9h@12m]
AR11158_buffer_0_to_3h_20110214_2248_TAI,BUFFER_EDGE,2011.02.14_22:48:00_TAI,2011.02.14_20:48:00_TAI,-2.0,377,11158,60.021,0x00000000,hmi.sharp_cea_720s[377][2011.02.14_19:48:00_TAI/9h@12m]
AR11158_buffer_0_to_3h_20110214_2248_TAI,BUFFER_EDGE,2011.02.14_22:48:00_TAI,2011.02.14_21:00:00_TAI,-1.8,377,11158,60.451,0x00000000,hmi.sharp_cea_720s[377][2011.02.14_19:48:00_TAI/9h@12m]
AR11158_buffer_0_to_3h_20110214_2248_TAI,BUFFER_EDGE,2011.02.14_22:48:00_TAI,2011.02.14_21:12:00_TAI,-1.6,377,11158,60.389,0x00000000,hmi.sharp_cea_720s[377][2011.02.14_19:48:00_TAI/9h@12m]
AR11158_buffer_0_to_3h_20110214_2248_TAI,BUFFER_EDGE,2011.02.14_22:48:00_TAI,2011.02.14_21:24:00_TAI,-1.4,377,11158,60.559,0x00000000,hmi.sharp_cea_720s[377][2011.02.14_19:48:00_TAI/9h@12m]
AR11158_buffer_0_to_3h_20110214_2248_TAI,BUFFER_EDGE,2011.02.14_22:48:00_TAI,2011.02.14_21:36:00_TAI,-1.2,377,11158,60.423,0x00000000,hmi.sharp_cea_720s[377][2011.02.14_19:48:00_TAI/9h@12m]
AR11158_buffer_0_to_3h_20110214_2248_TAI,BUFFER_EDGE,2011.02.14_22:48:00_TAI,2011.02.14_21:48:00_TAI,-1.0,377,11158,60.389,0x00000000,hmi.sharp_cea_720s[377][2011.02.14_19:48:00_TAI/9h@12m]
AR11158_buffer_0_to_3h_20110214_2248_TAI,BUFFER_EDGE,2011.02.14_22:48:00_TAI,2011.02.14_22:00:00_TAI,-0.8,377,11158,59.872,0x00000000,hmi.sharp_cea_720s[377][2011.02.14_19:48:00_TAI/9h@12m]
AR11158_buffer_0_to_3h_20110214_2248_TAI,BUFFER_EDGE,2011.02.14_22:48:00_TAI,2011.02.14_22:12:00_TAI,-0.6,377,11158,59.833,0x00000000,hmi.sharp_cea_720s[377][2011.02.14_19:48:00_TAI/9h@12m]
AR11158_buffer_0_to_3h_20110214_2248_TAI,BUFFER_EDGE,2011.02.14_22:48:00_TAI,2011.02.14_22:24:00_TAI,-0.4,377,11158,59.824,0x00000000,hmi.sharp_cea_720s[377][2011.02.14_19:48:00_TAI/9h@12m]
AR11158_buffer_0_to_3h_20110214_2248_TAI,BUFFER_EDGE,2011.02.14_22:48:00_TAI,2011.02.14_22:36:00_TAI,-0.2,377,11158,59.492,0x00000000,hmi.sharp_cea_720s[377][2011.02.14_19:48:00_TAI/9h@12m]
AR11158_buffer_0_to_3h_20110214_2248_TAI,BUFFER_EDGE,2011.02.14_22:48:00_TAI,2011.02.14_22:48:00_TAI,0.0,377,11158,59.584,0x00000000,hmi.sharp_cea_720s[377][2011.02.14_19:48:00_TAI/9h@12m]
AR11158_buffer_0_to_3h_20110214_2248_TAI,BUFFER_EDGE,2011.02.14_22:48:00_TAI,2011.02.14_23:00:00_TAI,0.2,377,11158,59.545,0x00000000,hmi.sharp_cea_720s[377][2011.02.14_19:48:00_TAI/9h@12m]
AR11158_buffer_0_to_3h_20110214_2248_TAI,BUFFER_EDGE,2011.02.14_22:48:00_TAI,2011.02.14_23:12:00_TAI,0.4,377,11158,59.188,0x00000000,hmi.sharp_cea_720s[377][2011.02.14_19:48:00_TAI/9h@12m]
AR11158_buffer_0_to_3h_20110214_2248_TAI,BUFFER_EDGE,2011.02.14_22:48:00_TAI,2011.02.14_23:24:00_TAI,0.6,377,11158,58.624,0x00000000,hmi.sharp_cea_720s[377][2011.02.14_19:48:00_TAI/9h@12m]
AR11158_buffer_0_to_3h_20110214_2248_TAI,BUFFER_EDGE,2011.02.14_22:48:00_TAI,2011.02.14_23:36:00_TAI,0.8,377,11158,58.726,0x00000000,hmi.sharp_cea_720s[377][2011.02.14_19:48:00_TAI/9h@12m]
AR11158_buffer_0_to_3h_20110214_2248_TAI,BUFFER_EDGE,2011.02.14_22:48:00_TAI,2011.02.14_23:48:00_TAI,1.0,377,11158,58.591,0x00000000,hmi.sharp_cea_720s[377][2011.02.14_19:48:00_TAI/9h@12m]
AR11158_buffer_0_to_3h_20110214_2248_TAI,BUFFER_EDGE,2011.02.14_22:48:00_TAI,2011.02.15_00:00:00_TAI,1.2,377,11158,58.78,0x00000000,hmi.sharp_cea_720s[377][2011.02.14_19:48:00_TAI/9h@12m]
AR11158_buffer_0_to_3h_20110214_2248_TAI,BUFFER_EDGE,2011.02.14_22:48:00_TAI,2011.02.15_00:12:00_TAI,1.4,377,11158,58.831,0x00000000,hmi.sharp_cea_720s[377][2011.02.14_19:48:00_TAI/9h@12m]
AR11158_buffer_0_to_3h_20110214_2248_TAI,BUFFER_EDGE,2011.02.14_22:48:00_TAI,2011.02.15_00:24:00_TAI,1.6,377,11158,58.786,0x00000000,hmi.sharp_cea_720s[377][2011.02.14_19:48:00_TAI/9h@12m]
AR11158_buffer_0_to_3h_20110214_2248_TAI,BUFFER_EDGE,2011.02.14_22:48:00_TAI,2011.02.15_00:36:00_TAI,1.8,377,11158,58.282,0x00000000,hmi.sharp_cea_720s[377][2011.02.14_19:48:00_TAI/9h@12m]
AR11158_buffer_0_to_3h_20110214_2248_TAI,BUFFER_EDGE,2011.02.14_22:48:00_TAI,2011.02.15_00:48:00_TAI,2.0,377,11158,58.239,0x00000000,hmi.sharp_cea_720s[377][2011.02.14_19:48:00_TAI/9h@12m]
AR11158_buffer_0_to_3h_20110214_2248_TAI,BUFFER_EDGE,2011.02.14_22:48:00_TAI,2011.02.15_01:00:00_TAI,2.2,377,11158,58.641,0x00000000,hmi.sharp_cea_720s[377][2011.02.14_19:48:00_TAI/9h@12m]
AR11158_buffer_0_to_3h_20110214_2248_TAI,BUFFER_EDGE,2011.02.14_22:48:00_TAI,2011.02.15_01:12:00_TAI,2.4,377,11158,58.464,0x00000000,hmi.sharp_cea_720s[377][2011.02.14_19:48:00_TAI/9h@12m]
AR11158_buffer_0_to_3h_20110214_2248_TAI,BUFFER_EDGE,2011.02.14_22:48:00_TAI,2011.02.15_01:24:00_TAI,2.6,377,11158,58.203,0x00000000,hmi.sharp_cea_720s[377][2011.02.14_19:48:00_TAI/9h@12m]
AR11158_buffer_0_to_3h_20110214_2248_TAI,BUFFER_EDGE,2011.02.14_22:48:00_TAI,2011.02.15_01:36:00_TAI,2.8,377,11158,58.161,0x00000000,hmi.sharp_cea_720s[377][2011.02.14_19:48:00_TAI/9h@12m]
AR11158_buffer_0_to_3h_20110214_2248_TAI,BUFFER_EDGE,2011.02.14_22:48:00_TAI,2011.02.15_01:48:00_TAI,3.0,377,11158,58.42,0x00000000,hmi.sharp_cea_720s[377][2011.02.14_19:48:00_TAI/9h@12m]
AR11158_buffer_0_to_3h_20110214_2248_TAI,BUFFER_EDGE,2011.02.14_22:48:00_TAI,2011.02.15_02:00:00_TAI,3.2,377,11158,58.106,0x00000000,hmi.sharp_cea_720s[377][2011.02.14_19:48:00_TAI/9h@12m]
AR11158_buffer_0_to_3h_20110214_2248_TAI,BUFFER_EDGE,2011.02.14_22:48:00_TAI,2011.02.15_02:12:00_TAI,3.4,377,11158,57.34,0x00000000,hmi.sharp_cea_720s[377][2011.02.14_19:48:00_TAI/9h@12m]
AR11158_buffer_0_to_3h_20110214_2248_TAI,BUFFER_EDGE,2011.02.14_22:48:00_TAI,2011.02.15_02:24:00_TAI,3.6,377,11158,57.186,0x00000000,hmi.sharp_cea_720s[377][2011.02.14_19:48:00_TAI/9h@12m]
AR11158_buffer_0_to_3h_20110214_2248_TAI,BUFFER_EDGE,2011.02.14_22:48:00_TAI,2011.02.15_02:36:00_TAI,3.8,377,11158,56.561,0x00000000,hmi.sharp_cea_720s[377][2011.02.14_19:48:00_TAI/9h@12m]
AR11158_buffer_0_to_3h_20110214_2248_TAI,BUFFER_EDGE,2011.02.14_22:48:00_TAI,2011.02.15_02:48:00_TAI,4.0,377,11158,56.964,0x00000000,hmi.sharp_cea_720s[377][2011.02.14_19:48:00_TAI/9h@12m]
AR11158_buffer_0_to_3h_20110214_2248_TAI,BUFFER_EDGE,2011.02.14_22:48:00_TAI,2011.02.15_03:00:00_TAI,4.2,377,11158,56.572,0x00000000,hmi.sharp_cea_720s[377][2011.02.14_19:48:00_TAI/9h@12m]
AR11158_buffer_0_to_3h_20110214_2248_TAI,BUFFER_EDGE,2011.02.14_22:48:00_TAI,2011.02.15_03:12:00_TAI,4.4,377,11158,57.002,0x00000000,hmi.sharp_cea_720s[377][2011.02.14_19:48:00_TAI/9h@12m]
AR11158_buffer_0_to_3h_20110214_2248_TAI,BUFFER_EDGE,2011.02.14_22:48:00_TAI,2011.02.15_03:24:00_TAI,4.6,377,11158,56.618,0x00000000,hmi.sharp_cea_720s[377][2011.02.14_19:48:00_TAI/9h@12m]
AR11158_buffer_0_to_3h_20110214_2248_TAI,BUFFER_EDGE,2011.02.14_22:48:00_TAI,2011.02.15_03:36:00_TAI,4.8,377,11158,56.946,0x00000000,hmi.sharp_cea_720s[377][2011.02.14_19:48:00_TAI/9h@12m]
AR11158_buffer_0_to_3h_20110214_2248_TAI,BUFFER_EDGE,2011.02.14_22:48:00_TAI,2011.02.15_03:48:00_TAI,5.0,377,11158,56.928,0x00000000,hmi.sharp_cea_720s[377][2011.02.14_19:48:00_TAI/9h@12m]
AR11158_buffer_0_to_3h_20110214_2248_TAI,BUFFER_EDGE,2011.02.14_22:48:00_TAI,2011.02.15_04:00:00_TAI,5.2,377,11158,57.412,0x00000000,hmi.sharp_cea_720s[377][2011.02.14_19:48:00_TAI/9h@12m]
AR11158_buffer_0_to_3h_20110214_2248_TAI,BUFFER_EDGE,2011.02.14_22:48:00_TAI,2011.02.15_04:12:00_TAI,5.4,377,11158,57.448,0x00000000,hmi.sharp_cea_720s[377][2011.02.14_19:48:00_TAI/9h@12m]
AR11158_buffer_0_to_3h_20110214_2248_TAI,BUFFER_EDGE,2011.02.14_22:48:00_TAI,2011.02.15_04:24:00_TAI,5.6,377,11158,57.994,0x00000000,hmi.sharp_cea_720s[377][2011.02.14_19:48:00_TAI/9h@12m]
AR11158_buffer_0_to_3h_20110214_2248_TAI,BUFFER_EDGE,2011.02.14_22:48:00_TAI,2011.02.15_04:36:00_TAI,5.8,377,11158,57.748,0x00000000,hmi.sharp_cea_720s[377][2011.02.14_19:48:00_TAI/9h@12m]
AR11158_event_pre_3_to_6h_20110214_2236_TAI,POSITIVE,2011.02.14_22:36:00_TAI,2011.02.14_19:36:00_TAI,-3.0,377,11158,59.459,0x00000000,hmi.sharp_cea_720s[377][2011.02.14_19:36:00_TAI/9h@12m]
AR11158_event_pre_3_to_6h_20110214_2236_TAI,POSITIVE,2011.02.14_22:36:00_TAI,2011.02.14_19:48:00_TAI,-2.8,377,11158,59.597,0x00000000,hmi.sharp_cea_720s[377][2011.02.14_19:36:00_TAI/9h@12m]
AR11158_event_pre_3_to_6h_20110214_2236_TAI,POSITIVE,2011.02.14_22:36:00_TAI,2011.02.14_20:00:00_TAI,-2.6,377,11158,59.587,0x00000000,hmi.sharp_cea_720s[377][2011.02.14_19:36:00_TAI/9h@12m]
AR11158_event_pre_3_to_6h_20110214_2236_TAI,POSITIVE,2011.02.14_22:36:00_TAI,2011.02.14_20:12:00_TAI,-2.4,377,11158,59.966,0x00000000,hmi.sharp_cea_720s[377][2011.02.14_19:36:00_TAI/9h@12m]
AR11158_event_pre_3_to_6h_20110214_2236_TAI,POSITIVE,2011.02.14_22:36:00_TAI,2011.02.14_20:24:00_TAI,-2.2,377,11158,60.043,0x00000000,hmi.sharp_cea_720s[377][2011.02.14_19:36:00_TAI/9h@12m]
AR11158_event_pre_3_to_6h_20110214_2236_TAI,POSITIVE,2011.02.14_22:36:00_TAI,2011.02.14_20:36:00_TAI,-2.0,377,11158,60.143,0x00000000,hmi.sharp_cea_720s[377][2011.02.14_19:36:00_TAI/9h@12m]
AR11158_event_pre_3_to_6h_20110214_2236_TAI,POSITIVE,2011.02.14_22:36:00_TAI,2011.02.14_20:48:00_TAI,-1.8,377,11158,60.021,0x00000000,hmi.sharp_cea_720s[377][2011.02.14_19:36:00_TAI/9h@12m]
AR11158_event_pre_3_to_6h_20110214_2236_TAI,POSITIVE,2011.02.14_22:36:00_TAI,2011.02.14_21:00:00_TAI,-1.6,377,11158,60.451,0x00000000,hmi.sharp_cea_720s[377][2011.02.14_19:36:00_TAI/9h@12m]
AR11158_event_pre_3_to_6h_20110214_2236_TAI,POSITIVE,2011.02.14_22:36:00_TAI,2011.02.14_21:12:00_TAI,-1.4,377,11158,60.389,0x00000000,hmi.sharp_cea_720s[377][2011.02.14_19:36:00_TAI/9h@12m]
AR11158_event_pre_3_to_6h_20110214_2236_TAI,POSITIVE,2011.02.14_22:36:00_TAI,2011.02.14_21:24:00_TAI,-1.2,377,11158,60.559,0x00000000,hmi.sharp_cea_720s[377][2011.02.14_19:36:00_TAI/9h@12m]
AR11158_event_pre_3_to_6h_20110214_2236_TAI,POSITIVE,2011.02.14_22:36:00_TAI,2011.02.14_21:36:00_TAI,-1.0,377,11158,60.423,0x00000000,hmi.sharp_cea_720s[377][2011.02.14_19:36:00_TAI/9h@12m]
AR11158_event_pre_3_to_6h_20110214_2236_TAI,POSITIVE,2011.02.14_22:36:00_TAI,2011.02.14_21:48:00_TAI,-0.8,377,11158,60.389,0x00000000,hmi.sharp_cea_720s[377][2011.02.14_19:36:00_TAI/9h@12m]
AR11158_event_pre_3_to_6h_20110214_2236_TAI,POSITIVE,2011.02.14_22:36:00_TAI,2011.02.14_22:00:00_TAI,-0.6,377,11158,59.872,0x00000000,hmi.sharp_cea_720s[377][2011.02.14_19:36:00_TAI/9h@12m]
AR11158_event_pre_3_to_6h_20110214_2236_TAI,POSITIVE,2011.02.14_22:36:00_TAI,2011.02.14_22:12:00_TAI,-0.4,377,11158,59.833,0x00000000,hmi.sharp_cea_720s[377][2011.02.14_19:36:00_TAI/9h@12m]
AR11158_event_pre_3_to_6h_20110214_2236_TAI,POSITIVE,2011.02.14_22:36:00_TAI,2011.02.14_22:24:00_TAI,-0.2,377,11158,59.824,0x00000000,hmi.sharp_cea_720s[377][2011.02.14_19:36:00_TAI/9h@12m]
AR11158_event_pre_3_to_6h_20110214_2236_TAI,POSITIVE,2011.02.14_22:36:00_TAI,2011.02.14_22:36:00_TAI,0.0,377,11158,59.492,0x00000000,hmi.sharp_cea_720s[377][2011.02.14_19:36:00_TAI/9h@12m]
AR11158_event_pre_3_to_6h_20110214_2236_TAI,POSITIVE,2011.02.14_22:36:00_TAI,2011.02.14_22:48:00_TAI,0.2,377,11158,59.584,0x00000000,hmi.sharp_cea_720s[377][2011.02.14_19:36:00_TAI/9h@12m]
AR11158_event_pre_3_to_6h_20110214_2236_TAI,POSITIVE,2011.02.14_22:36:00_TAI,2011.02.14_23:00:00_TAI,0.4,377,11158,59.545,0x00000000,hmi.sharp_cea_720s[377][2011.02.14_19:36:00_TAI/9h@12m]
AR11158_event_pre_3_to_6h_20110214_2236_TAI,POSITIVE,2011.02.14_22:36:00_TAI,2011.02.14_23:12:00_TAI,0.6,377,11158,59.188,0x00000000,hmi.sharp_cea_720s[377][2011.02.14_19:36:00_TAI/9h@12m]
AR11158_event_pre_3_to_6h_20110214_2236_TAI,POSITIVE,2011.02.14_22:36:00_TAI,2011.02.14_23:24:00_TAI,0.8,377,11158,58.624,0x00000000,hmi.sharp_cea_720s[377][2011.02.14_19:36:00_TAI/9h@12m]
AR11158_event_pre_3_to_6h_20110214_2236_TAI,POSITIVE,2011.02.14_22:36:00_TAI,2011.02.14_23:36:00_TAI,1.0,377,11158,58.726,0x00000000,hmi.sharp_cea_720s[377][2011.02.14_19:36:00_TAI/9h@12m]
AR11158_event_pre_3_to_6h_20110214_2236_TAI,POSITIVE,2011.02.14_22:36:00_TAI,2011.02.14_23:48:00_TAI,1.2,377,11158,58.591,0x00000000,hmi.sharp_cea_720s[377][2011.02.14_19:36:00_TAI/9h@12m]
AR11158_event_pre_3_to_6h_20110214_2236_TAI,POSITIVE,2011.02.14_22:36:00_TAI,2011.02.15_00:00:00_TAI,1.4,377,11158,58.78,0x00000000,hmi.sharp_cea_720s[377][2011.02.14_19:36:00_TAI/9h@12m]
AR11158_event_pre_3_to_6h_20110214_2236_TAI,POSITIVE,2011.02.14_22:36:00_TAI,2011.02.15_00:12:00_TAI,1.6,377,11158,58.831,0x00000000,hmi.sharp_cea_720s[377][2011.02.14_19:36:00_TAI/9h@12m]
AR11158_event_pre_3_to_6h_20110214_2236_TAI,POSITIVE,2011.02.14_22:36:00_TAI,2011.02.15_00:24:00_TAI,1.8,377,11158,58.786,0x00000000,hmi.sharp_cea_720s[377][2011.02.14_19:36:00_TAI/9h@12m]
AR11158_event_pre_3_to_6h_20110214_2236_TAI,POSITIVE,2011.02.14_22:36:00_TAI,2011.02.15_00:36:00_TAI,2.0,377,11158,58.282,0x00000000,hmi.sharp_cea_720s[377][2011.02.14_19:36:00_TAI/9h@12m]
AR11158_event_pre_3_to_6h_20110214_2236_TAI,POSITIVE,2011.02.14_22:36:00_TAI,2011.02.15_00:48:00_TAI,2.2,377,11158,58.239,0x00000000,hmi.sharp_cea_720s[377][2011.02.14_19:36:00_TAI/9h@12m]
AR11158_event_pre_3_to_6h_20110214_2236_TAI,POSITIVE,2011.02.14_22:36:00_TAI,2011.02.15_01:00:00_TAI,2.4,377,11158,58.641,0x00000000,hmi.sharp_cea_720s[377][2011.02.14_19:36:00_TAI/9h@12m]
AR11158_event_pre_3_to_6h_20110214_2236_TAI,POSITIVE,2011.02.14_22:36:00_TAI,2011.02.15_01:12:00_TAI,2.6,377,11158,58.464,0x00000000,hmi.sharp_cea_720s[377][2011.02.14_19:36:00_TAI/9h@12m]
AR11158_event_pre_3_to_6h_20110214_2236_TAI,POSITIVE,2011.02.14_22:36:00_TAI,2011.02.15_01:24:00_TAI,2.8,377,11158,58.203,0x00000000,hmi.sharp_cea_720s[377][2011.02.14_19:36:00_TAI/9h@12m]
AR11158_event_pre_3_to_6h_20110214_2236_TAI,POSITIVE,2011.02.14_22:36:00_TAI,2011.02.15_01:36:00_TAI,3.0,377,11158,58.161,0x00000000,hmi.sharp_cea_720s[377][2011.02.14_19:36:00_TAI/9h@12m]
AR11158_event_pre_3_to_6h_20110214_2236_TAI,POSITIVE,2011.02.14_22:36:00_TAI,2011.02.15_01:48:00_TAI,3.2,377,11158,58.42,0x00000000,hmi.sharp_cea_720s[377][2011.02.14_19:36:00_TAI/9h@12m]
AR11158_event_pre_3_to_6h_20110214_2236_TAI,POSITIVE,2011.02.14_22:36:00_TAI,2011.02.15_02:00:00_TAI,3.4,377,11158,58.106,0x00000000,hmi.sharp_cea_720s[377][2011.02.14_19:36:00_TAI/9h@12m]
AR11158_event_pre_3_to_6h_20110214_2236_TAI,POSITIVE,2011.02.14_22:36:00_TAI,2011.02.15_02:12:00_TAI,3.6,377,11158,57.34,0x00000000,hmi.sharp_cea_720s[377][2011.02.14_19:36:00_TAI/9h@12m]
AR11158_event_pre_3_to_6h_20110214_2236_TAI,POSITIVE,2011.02.14_22:36:00_TAI,2011.02.15_02:24:00_TAI,3.8,377,11158,57.186,0x00000000,hmi.sharp_cea_720s[377][2011.02.14_19:36:00_TAI/9h@12m]
AR11158_event_pre_3_to_6h_20110214_2236_TAI,POSITIVE,2011.02.14_22:36:00_TAI,2011.02.15_02:36:00_TAI,4.0,377,11158,56.561,0x00000000,hmi.sharp_cea_720s[377][2011.02.14_19:36:00_TAI/9h@12m]
AR11158_event_pre_3_to_6h_20110214_2236_TAI,POSITIVE,2011.02.14_22:36:00_TAI,2011.02.15_02:48:00_TAI,4.2,377,11158,56.964,0x00000000,hmi.sharp_cea_720s[377][2011.02.14_19:36:00_TAI/9h@12m]
AR11158_event_pre_3_to_6h_20110214_2236_TAI,POSITIVE,2011.02.14_22:36:00_TAI,2011.02.15_03:00:00_TAI,4.4,377,11158,56.572,0x00000000,hmi.sharp_cea_720s[377][2011.02.14_19:36:00_TAI/9h@12m]
AR11158_event_pre_3_to_6h_20110214_2236_TAI,POSITIVE,2011.02.14_22:36:00_TAI,2011.02.15_03:12:00_TAI,4.6,377,11158,57.002,0x00000000,hmi.sharp_cea_720s[377][2011.02.14_19:36:00_TAI/9h@12m]
AR11158_event_pre_3_to_6h_20110214_2236_TAI,POSITIVE,2011.02.14_22:36:00_TAI,2011.02.15_03:24:00_TAI,4.8,377,11158,56.618,0x00000000,hmi.sharp_cea_720s[377][2011.02.14_19:36:00_TAI/9h@12m]
AR11158_event_pre_3_to_6h_20110214_2236_TAI,POSITIVE,2011.02.14_22:36:00_TAI,2011.02.15_03:36:00_TAI,5.0,377,11158,56.946,0x00000000,hmi.sharp_cea_720s[377][2011.02.14_19:36:00_TAI/9h@12m]
AR11158_event_pre_3_to_6h_20110214_2236_TAI,POSITIVE,2011.02.14_22:36:00_TAI,2011.02.15_03:48:00_TAI,5.2,377,11158,56.928,0x00000000,hmi.sharp_cea_720s[377][2011.02.14_19:36:00_TAI/9h@12m]
AR11158_event_pre_3_to_6h_20110214_2236_TAI,POSITIVE,2011.02.14_22:36:00_TAI,2011.02.15_04:00:00_TAI,5.4,377,11158,57.412,0x00000000,hmi.sharp_cea_720s[377][2011.02.14_19:36:00_TAI/9h@12m]
AR11158_event_pre_3_to_6h_20110214_2236_TAI,POSITIVE,2011.02.14_22:36:00_TAI,2011.02.15_04:12:00_TAI,5.6,377,11158,57.448,0x00000000,hmi.sharp_cea_720s[377][2011.02.14_19:36:00_TAI/9h@12m]
AR11158_event_pre_3_to_6h_20110214_2236_TAI,POSITIVE,2011.02.14_22:36:00_TAI,2011.02.15_04:24:00_TAI,5.8,377,11158,57.994,0x00000000,hmi.sharp_cea_720s[377][2011.02.14_19:36:00_TAI/9h@12m]
AR11158_same_ar_temporal_control_20110213_1012_TAI,SAME_AR_TEMPORAL_CONTROL,2011.02.13_10:12:00_TAI,2011.02.13_07:12:00_TAI,-3.0,377,11158,49.888,0x00000000,hmi.sharp_cea_720s[377][2011.02.13_07:12:00_TAI/9h@12m]
AR11158_same_ar_temporal_control_20110213_1012_TAI,SAME_AR_TEMPORAL_CONTROL,2011.02.13_10:12:00_TAI,2011.02.13_07:24:00_TAI,-2.8,377,11158,50.641,0x00000000,hmi.sharp_cea_720s[377][2011.02.13_07:12:00_TAI/9h@12m]
AR11158_same_ar_temporal_control_20110213_1012_TAI,SAME_AR_TEMPORAL_CONTROL,2011.02.13_10:12:00_TAI,2011.02.13_07:36:00_TAI,-2.6,377,11158,50.47,0x00000000,hmi.sharp_cea_720s[377][2011.02.13_07:12:00_TAI/9h@12m]
AR11158_same_ar_temporal_control_20110213_1012_TAI,SAME_AR_TEMPORAL_CONTROL,2011.02.13_10:12:00_TAI,2011.02.13_07:48:00_TAI,-2.4,377,11158,49.93,0x00000000,hmi.sharp_cea_720s[377][2011.02.13_07:12:00_TAI/9h@12m]
AR11158_same_ar_temporal_control_20110213_1012_TAI,SAME_AR_TEMPORAL_CONTROL,2011.02.13_10:12:00_TAI,2011.02.13_08:00:00_TAI,-2.2,377,11158,49.196,0x00000000,hmi.sharp_cea_720s[377][2011.02.13_07:12:00_TAI/9h@12m]
AR11158_same_ar_temporal_control_20110213_1012_TAI,SAME_AR_TEMPORAL_CONTROL,2011.02.13_10:12:00_TAI,2011.02.13_08:12:00_TAI,-2.0,377,11158,48.727,0x00000000,hmi.sharp_cea_720s[377][2011.02.13_07:12:00_TAI/9h@12m]
AR11158_same_ar_temporal_control_20110213_1012_TAI,SAME_AR_TEMPORAL_CONTROL,2011.02.13_10:12:00_TAI,2011.02.13_08:24:00_TAI,-1.8,377,11158,48.99,0x00000000,hmi.sharp_cea_720s[377][2011.02.13_07:12:00_TAI/9h@12m]
AR11158_same_ar_temporal_control_20110213_1012_TAI,SAME_AR_TEMPORAL_CONTROL,2011.02.13_10:12:00_TAI,2011.02.13_08:36:00_TAI,-1.6,377,11158,49.491,0x00000000,hmi.sharp_cea_720s[377][2011.02.13_07:12:00_TAI/9h@12m]
AR11158_same_ar_temporal_control_20110213_1012_TAI,SAME_AR_TEMPORAL_CONTROL,2011.02.13_10:12:00_TAI,2011.02.13_08:48:00_TAI,-1.4,377,11158,49.891,0x00000000,hmi.sharp_cea_720s[377][2011.02.13_07:12:00_TAI/9h@12m]
AR11158_same_ar_temporal_control_20110213_1012_TAI,SAME_AR_TEMPORAL_CONTROL,2011.02.13_10:12:00_TAI,2011.02.13_09:00:00_TAI,-1.2,377,11158,49.639,0x00000000,hmi.sharp_cea_720s[377][2011.02.13_07:12:00_TAI/9h@12m]
AR11158_same_ar_temporal_control_20110213_1012_TAI,SAME_AR_TEMPORAL_CONTROL,2011.02.13_10:12:00_TAI,2011.02.13_09:12:00_TAI,-1.0,377,11158,50.494,0x00000000,hmi.sharp_cea_720s[377][2011.02.13_07:12:00_TAI/9h@12m]
AR11158_same_ar_temporal_control_20110213_1012_TAI,SAME_AR_TEMPORAL_CONTROL,2011.02.13_10:12:00_TAI,2011.02.13_09:24:00_TAI,-0.8,377,11158,51.148,0x00000000,hmi.sharp_cea_720s[377][2011.02.13_07:12:00_TAI/9h@12m]
AR11158_same_ar_temporal_control_20110213_1012_TAI,SAME_AR_TEMPORAL_CONTROL,2011.02.13_10:12:00_TAI,2011.02.13_09:36:00_TAI,-0.6,377,11158,51.496,0x00000000,hmi.sharp_cea_720s[377][2011.02.13_07:12:00_TAI/9h@12m]
AR11158_same_ar_temporal_control_20110213_1012_TAI,SAME_AR_TEMPORAL_CONTROL,2011.02.13_10:12:00_TAI,2011.02.13_09:48:00_TAI,-0.4,377,11158,51.484,0x00000000,hmi.sharp_cea_720s[377][2011.02.13_07:12:00_TAI/9h@12m]
AR11158_same_ar_temporal_control_20110213_1012_TAI,SAME_AR_TEMPORAL_CONTROL,2011.02.13_10:12:00_TAI,2011.02.13_10:00:00_TAI,-0.2,377,11158,51.814,0x00000000,hmi.sharp_cea_720s[377][2011.02.13_07:12:00_TAI/9h@12m]
AR11158_same_ar_temporal_control_20110213_1012_TAI,SAME_AR_TEMPORAL_CONTROL,2011.02.13_10:12:00_TAI,2011.02.13_10:12:00_TAI,0.0,377,11158,52.106,0x00000000,hmi.sharp_cea_720s[377][2011.02.13_07:12:00_TAI/9h@12m]
AR11158_same_ar_temporal_control_20110213_1012_TAI,SAME_AR_TEMPORAL_CONTROL,2011.02.13_10:12:00_TAI,2011.02.13_10:24:00_TAI,0.2,377,11158,51.713,0x00000000,hmi.sharp_cea_720s[377][2011.02.13_07:12:00_TAI/9h@12m]
AR11158_same_ar_temporal_control_20110213_1012_TAI,SAME_AR_TEMPORAL_CONTROL,2011.02.13_10:12:00_TAI,2011.02.13_10:36:00_TAI,0.4,377,11158,51.868,0x00000000,hmi.sharp_cea_720s[377][2011.02.13_07:12:00_TAI/9h@12m]
AR11158_same_ar_temporal_control_20110213_1012_TAI,SAME_AR_TEMPORAL_CONTROL,2011.02.13_10:12:00_TAI,2011.02.13_10:48:00_TAI,0.6,377,11158,52.033,0x00000000,hmi.sharp_cea_720s[377][2011.02.13_07:12:00_TAI/9h@12m]
AR11158_same_ar_temporal_control_20110213_1012_TAI,SAME_AR_TEMPORAL_CONTROL,2011.02.13_10:12:00_TAI,2011.02.13_11:00:00_TAI,0.8,377,11158,52.844,0x00000000,hmi.sharp_cea_720s[377][2011.02.13_07:12:00_TAI/9h@12m]
AR11158_same_ar_temporal_control_20110213_1012_TAI,SAME_AR_TEMPORAL_CONTROL,2011.02.13_10:12:00_TAI,2011.02.13_11:12:00_TAI,1.0,377,11158,52.246,0x00000000,hmi.sharp_cea_720s[377][2011.02.13_07:12:00_TAI/9h@12m]
AR11158_same_ar_temporal_control_20110213_1012_TAI,SAME_AR_TEMPORAL_CONTROL,2011.02.13_10:12:00_TAI,2011.02.13_11:24:00_TAI,1.2,377,11158,52.767,0x00000000,hmi.sharp_cea_720s[377][2011.02.13_07:12:00_TAI/9h@12m]
AR11158_same_ar_temporal_control_20110213_1012_TAI,SAME_AR_TEMPORAL_CONTROL,2011.02.13_10:12:00_TAI,2011.02.13_11:36:00_TAI,1.4,377,11158,52.687,0x00000000,hmi.sharp_cea_720s[377][2011.02.13_07:12:00_TAI/9h@12m]
AR11158_same_ar_temporal_control_20110213_1012_TAI,SAME_AR_TEMPORAL_CONTROL,2011.02.13_10:12:00_TAI,2011.02.13_11:48:00_TAI,1.6,377,11158,52.823,0x00000000,hmi.sharp_cea_720s[377][2011.02.13_07:12:00_TAI/9h@12m]
AR11158_same_ar_temporal_control_20110213_1012_TAI,SAME_AR_TEMPORAL_CONTROL,2011.02.13_10:12:00_TAI,2011.02.13_12:00:00_TAI,1.8,377,11158,52.689,0x00000000,hmi.sharp_cea_720s[377][2011.02.13_07:12:00_TAI/9h@12m]
AR11158_same_ar_temporal_control_20110213_1012_TAI,SAME_AR_TEMPORAL_CONTROL,2011.02.13_10:12:00_TAI,2011.02.13_12:12:00_TAI,2.0,377,11158,52.347,0x00000000,hmi.sharp_cea_720s[377][2011.02.13_07:12:00_TAI/9h@12m]
AR11158_same_ar_temporal_control_20110213_1012_TAI,SAME_AR_TEMPORAL_CONTROL,2011.02.13_10:12:00_TAI,2011.02.13_12:24:00_TAI,2.2,377,11158,52.587,0x00000000,hmi.sharp_cea_720s[377][2011.02.13_07:12:00_TAI/9h@12m]
AR11158_same_ar_temporal_control_20110213_1012_TAI,SAME_AR_TEMPORAL_CONTROL,2011.02.13_10:12:00_TAI,2011.02.13_12:36:00_TAI,2.4,377,11158,52.536,0x00000000,hmi.sharp_cea_720s[377][2011.02.13_07:12:00_TAI/9h@12m]
AR11158_same_ar_temporal_control_20110213_1012_TAI,SAME_AR_TEMPORAL_CONTROL,2011.02.13_10:12:00_TAI,2011.02.13_12:48:00_TAI,2.6,377,11158,52.457,0x00000000,hmi.sharp_cea_720s[377][2011.02.13_07:12:00_TAI/9h@12m]
AR11158_same_ar_temporal_control_20110213_1012_TAI,SAME_AR_TEMPORAL_CONTROL,2011.02.13_10:12:00_TAI,2011.02.13_13:00:00_TAI,2.8,377,11158,52.265,0x00000000,hmi.sharp_cea_720s[377][2011.02.13_07:12:00_TAI/9h@12m]
AR11158_same_ar_temporal_control_20110213_1012_TAI,SAME_AR_TEMPORAL_CONTROL,2011.02.13_10:12:00_TAI,2011.02.13_13:12:00_TAI,3.0,377,11158,52.091,0x00000000,hmi.sharp_cea_720s[377][2011.02.13_07:12:00_TAI/9h@12m]
AR11158_same_ar_temporal_control_20110213_1012_TAI,SAME_AR_TEMPORAL_CONTROL,2011.02.13_10:12:00_TAI,2011.02.13_13:24:00_TAI,3.2,377,11158,52.525,0x00000000,hmi.sharp_cea_720s[377][2011.02.13_07:12:00_TAI/9h@12m]
AR11158_same_ar_temporal_control_20110213_1012_TAI,SAME_AR_TEMPORAL_CONTROL,2011.02.13_10:12:00_TAI,2011.02.13_13:36:00_TAI,3.4,377,11158,52.756,0x00000000,hmi.sharp_cea_720s[377][2011.02.13_07:12:00_TAI/9h@12m]
AR11158_same_ar_temporal_control_20110213_1012_TAI,SAME_AR_TEMPORAL_CONTROL,2011.02.13_10:12:00_TAI,2011.02.13_13:48:00_TAI,3.6,377,11158,52.862,0x00000000,hmi.sharp_cea_720s[377][2011.02.13_07:12:00_TAI/9h@12m]
AR11158_same_ar_temporal_control_20110213_1012_TAI,SAME_AR_TEMPORAL_CONTROL,2011.02.13_10:12:00_TAI,2011.02.13_14:00:00_TAI,3.8,377,11158,52.876,0x00000000,hmi.sharp_cea_720s[377][2011.02.13_07:12:00_TAI/9h@12m]
AR11158_same_ar_temporal_control_20110213_1012_TAI,SAME_AR_TEMPORAL_CONTROL,2011.02.13_10:12:00_TAI,2011.02.13_14:12:00_TAI,4.0,377,11158,52.614,0x00000000,hmi.sharp_cea_720s[377][2011.02.13_07:12:00_TAI/9h@12m]
AR11158_same_ar_temporal_control_20110213_1012_TAI,SAME_AR_TEMPORAL_CONTROL,2011.02.13_10:12:00_TAI,2011.02.13_14:24:00_TAI,4.2,377,11158,53.18,0x00000000,hmi.sharp_cea_720s[377][2011.02.13_07:12:00_TAI/9h@12m]
AR11158_same_ar_temporal_control_20110213_1012_TAI,SAME_AR_TEMPORAL_CONTROL,2011.02.13_10:12:00_TAI,2011.02.13_14:36:00_TAI,4.4,377,11158,53.414,0x00000000,hmi.sharp_cea_720s[377][2011.02.13_07:12:00_TAI/9h@12m]
AR11158_same_ar_temporal_control_20110213_1012_TAI,SAME_AR_TEMPORAL_CONTROL,2011.02.13_10:12:00_TAI,2011.02.13_14:48:00_TAI,4.6,377,11158,53.156,0x00000000,hmi.sharp_cea_720s[377][2011.02.13_07:12:00_TAI/9h@12m]
AR11158_same_ar_temporal_control_20110213_1012_TAI,SAME_AR_TEMPORAL_CONTROL,2011.02.13_10:12:00_TAI,2011.02.13_15:00:00_TAI,4.8,377,11158,53.672,0x00000000,hmi.sharp_cea_720s[377][2011.02.13_07:12:00_TAI/9h@12m]
AR11158_same_ar_temporal_control_20110213_1012_TAI,SAME_AR_TEMPORAL_CONTROL,2011.02.13_10:12:00_TAI,2011.02.13_15:12:00_TAI,5.0,377,11158,53.212,0x00000000,hmi.sharp_cea_720s[377][2011.02.13_07:12:00_TAI/9h@12m]
AR11158_same_ar_temporal_control_20110213_1012_TAI,SAME_AR_TEMPORAL_CONTROL,2011.02.13_10:12:00_TAI,2011.02.13_15:24:00_TAI,5.2,377,11158,53.062,0x00000000,hmi.sharp_cea_720s[377][2011.02.13_07:12:00_TAI/9h@12m]
AR11158_same_ar_temporal_control_20110213_1012_TAI,SAME_AR_TEMPORAL_CONTROL,2011.02.13_10:12:00_TAI,2011.02.13_15:36:00_TAI,5.4,377,11158,53.716,0x00000000,hmi.sharp_cea_720s[377][2011.02.13_07:12:00_TAI/9h@12m]
AR11158_same_ar_temporal_control_20110213_1012_TAI,SAME_AR_TEMPORAL_CONTROL,2011.02.13_10:12:00_TAI,2011.02.13_15:48:00_TAI,5.6,377,11158,53.59,0x00000000,hmi.sharp_cea_720s[377][2011.02.13_07:12:00_TAI/9h@12m]
AR11158_same_ar_temporal_control_20110213_1012_TAI,SAME_AR_TEMPORAL_CONTROL,2011.02.13_10:12:00_TAI,2011.02.13_16:00:00_TAI,5.8,377,11158,53.884,0x00000000,hmi.sharp_cea_720s[377][2011.02.13_07:12:00_TAI/9h@12m]
