qa_id,frame_id,file_id,case_id,case_type,frame_role,t_pred_TAI,t_pred_UTC,target_TAI,target_UTC,selected_minus_target_min,selection_note,upstream_source_ref,upstream_evidence_note,candidate,data_series,data_level,NOAA_AR,HARPNUM,T_REC_TAI,T_REC_UTC,segment,upstream_SHRGT45,upstream_SHRGT45_unit,upstream_QUALITY,upstream_USFLUX,upstream_LON_FWT,upstream_LAT_FWT,official_SHRGT45,official_SHRGT45_unit,official_QUALITY,official_USFLUX,official_LON_FWT,official_LAT_FWT,segment_unit,segment_definition,query_ref,archive_url,download_method,local_file,file_bytes,file_sha256,plot_file,script_version,generated_utc,provenance_status
QA-AR11158-FIXED-THREE-20260809,AR11158_same_ar_temporal_control_20110213_1012_TAI__2011.02.13_10:12:00_TAI,AR11158_same_ar_temporal_control_20110213_1012_TAI__2011.02.13_10:12:00_TAI_Br,AR11158_same_ar_temporal_control_20110213_1012_TAI,SAME_AR_TEMPORAL_CONTROL,t_pred,2011.02.13_10:12:00_TAI,2011-02-13T10:11:26Z,2011.02.13_10:12:00_TAI,2011-02-13T10:11:26Z,0.0,上游固定 T0；不做邻帧替换,固定三例样本清单.csv,同 AR 时间对照；T0 前 3 小时及未来 0--6 小时无 M+；不得称为独立安静活动区阴性样本,SHRGT45,hmi.sharp_cea_720s,RETRIEVAL_DRILL,11158,377,2011.02.13_10:12:00_TAI,2011-02-13T10:11:26Z,Br,52.106,percent,0x00000000,1.496598e+22,-8.654225,-20.180147,52.106,percent,0x00000000,1.496598e+22,-8.654225,-20.180147,Gauss,"B_r, positive up","hmi.sharp_cea_720s[377][2011.02.13_10:12:00_TAI]{Br,Bp,Bt}",http://jsoc.stanford.edu/SUM86/D1043257799/S00000/Br.fits,JSOC as-is public archive,magnetograms/sharp_cea_fixed_three_20260809/AR11158_HARP377_20110213_101200_TAI_Br.fits,475200,c16f4823ea676ba17923706af990f58a363d6ebe472befb2bcb9cb1735b6c3b9,panels/AR11158_same_ar_temporal_control_20110213_1012_TAI_t_pred_20110213_101200_TAI_Br-Bp-Bt-COCOMAG.png,8.0.0,2026-08-10T15:57:07+00:00,PASS
QA-AR11158-FIXED-THREE-20260809,AR11158_same_ar_temporal_control_20110213_1012_TAI__2011.02.13_10:12:00_TAI,AR11158_same_ar_temporal_control_20110213_1012_TAI__2011.02.13_10:12:00_TAI_Bp,AR11158_same_ar_temporal_control_20110213_1012_TAI,SAME_AR_TEMPORAL_CONTROL,t_pred,2011.02.13_10:12:00_TAI,2011-02-13T10:11:26Z,2011.02.13_10:12:00_TAI,2011-02-13T10:11:26Z,0.0,上游固定 T0；不做邻帧替换,固定三例样本清单.csv,同 AR 时间对照；T0 前 3 小时及未来 0--6 小时无 M+；不得称为独立安静活动区阴性样本,SHRGT45,hmi.sharp_cea_720s,RETRIEVAL_DRILL,11158,377,2011.02.13_10:12:00_TAI,2011-02-13T10:11:26Z,Bp,52.106,percent,0x00000000,1.496598e+22,-8.654225,-20.180147,52.106,percent,0x00000000,1.496598e+22,-8.654225,-20.180147,Gauss,"B_phi, positive westward","hmi.sharp_cea_720s[377][2011.02.13_10:12:00_TAI]{Br,Bp,Bt}",http://jsoc.stanford.edu/SUM86/D1043257799/S00000/Bp.fits,JSOC as-is public archive,magnetograms/sharp_cea_fixed_three_20260809/AR11158_HARP377_20110213_101200_TAI_Bp.fits,524160,2909d5b93a98a4b97a6f25dd1736112df307a273d6066f88da42f51fce413590,panels/AR11158_same_ar_temporal_control_20110213_1012_TAI_t_pred_20110213_101200_TAI_Br-Bp-Bt-COCOMAG.png,8.0.0,2026-08-10T15:57:07+00:00,PASS
QA-AR11158-FIXED-THREE-20260809,AR11158_same_ar_temporal_control_20110213_1012_TAI__2011.02.13_10:12:00_TAI,AR11158_same_ar_temporal_control_20110213_1012_TAI__2011.02.13_10:12:00_TAI_Bt,AR11158_same_ar_temporal_control_20110213_1012_TAI,SAME_AR_TEMPORAL_CONTROL,t_pred,2011.02.13_10:12:00_TAI,2011-02-13T10:11:26Z,2011.02.13_10:12:00_TAI,2011-02-13T10:11:26Z,0.0,上游固定 T0；不做邻帧替换,固定三例样本清单.csv,同 AR 时间对照；T0 前 3 小时及未来 0--6 小时无 M+；不得称为独立安静活动区阴性样本,SHRGT45,hmi.sharp_cea_720s,RETRIEVAL_DRILL,11158,377,2011.02.13_10:12:00_TAI,2011-02-13T10:11:26Z,Bt,52.106,percent,0x00000000,1.496598e+22,-8.654225,-20.180147,52.106,percent,0x00000000,1.496598e+22,-8.654225,-20.180147,Gauss,"B_theta, positive southward","hmi.sharp_cea_720s[377][2011.02.13_10:12:00_TAI]{Br,Bp,Bt}",http://jsoc.stanford.edu/SUM86/D1043257799/S00000/Bt.fits,JSOC as-is public archive,magnetograms/sharp_cea_fixed_three_20260809/AR11158_HARP377_20110213_101200_TAI_Bt.fits,518400,f1c5d65d5dcdc4ea3307dab6b02e35bf430147abf5a0de429b981632797df3a4,panels/AR11158_same_ar_temporal_control_20110213_1012_TAI_t_pred_20110213_101200_TAI_Br-Bp-Bt-COCOMAG.png,8.0.0,2026-08-10T15:57:07+00:00,PASS
QA-AR11158-FIXED-THREE-20260809,AR11158_event_pre_3_to_6h_20110214_2236_TAI__2011.02.14_22:36:00_TAI,AR11158_event_pre_3_to_6h_20110214_2236_TAI__2011.02.14_22:36:00_TAI_Br,AR11158_event_pre_3_to_6h_20110214_2236_TAI,POSITIVE,t_pred,2011.02.14_22:36:00_TAI,2011-02-14T22:35:26Z,2011.02.14_22:36:00_TAI,2011-02-14T22:35:26Z,0.0,上游固定 T0；不做邻帧替换,固定三例样本清单.csv,未来 0--3 小时无 M+；X3.3 完整事件区间进入未来 3--6 小时,SHRGT45,hmi.sharp_cea_720s,RETRIEVAL_DRILL,11158,377,2011.02.14_22:36:00_TAI,2011-02-14T22:35:26Z,Br,59.492,percent,0x00000000,2.663249e+22,10.929,-20.211,59.492,percent,0x00000000,2.663249e+22,10.929266,-20.211121,Gauss,"B_r, positive up","hmi.sharp_cea_720s[377][2011.02.14_22:36:00_TAI]{Br,Bp,Bt}",http://jsoc.stanford.edu/SUM85/D1043267395/S00000/Br.fits,JSOC as-is public archive,magnetograms/sharp_cea_fixed_three_20260809/AR11158_HARP377_20110214_223600_TAI_Br.fits,486720,66574fae98389916db51031c410f7cdccdfafde3706c328887930e98ef0e33d0,panels/AR11158_event_pre_3_to_6h_20110214_2236_TAI_t_pred_20110214_223600_TAI_Br-Bp-Bt-COCOMAG.png,8.0.0,2026-08-10T15:57:07+00:00,PASS
QA-AR11158-FIXED-THREE-20260809,AR11158_event_pre_3_to_6h_20110214_2236_TAI__2011.02.14_22:36:00_TAI,AR11158_event_pre_3_to_6h_20110214_2236_TAI__2011.02.14_22:36:00_TAI_Bp,AR11158_event_pre_3_to_6h_20110214_2236_TAI,POSITIVE,t_pred,2011.02.14_22:36:00_TAI,2011-02-14T22:35:26Z,2011.02.14_22:36:00_TAI,2011-02-14T22:35:26Z,0.0,上游固定 T0；不做邻帧替换,固定三例样本清单.csv,未来 0--3 小时无 M+；X3.3 完整事件区间进入未来 3--6 小时,SHRGT45,hmi.sharp_cea_720s,RETRIEVAL_DRILL,11158,377,2011.02.14_22:36:00_TAI,2011-02-14T22:35:26Z,Bp,59.492,percent,0x00000000,2.663249e+22,10.929,-20.211,59.492,percent,0x00000000,2.663249e+22,10.929266,-20.211121,Gauss,"B_phi, positive westward","hmi.sharp_cea_720s[377][2011.02.14_22:36:00_TAI]{Br,Bp,Bt}",http://jsoc.stanford.edu/SUM85/D1043267395/S00000/Bp.fits,JSOC as-is public archive,magnetograms/sharp_cea_fixed_three_20260809/AR11158_HARP377_20110214_223600_TAI_Bp.fits,524160,44f28c92c7a1c02d2074e32feb5e592526c8718d6c1471279460c3d4e5140a82,panels/AR11158_event_pre_3_to_6h_20110214_2236_TAI_t_pred_20110214_223600_TAI_Br-Bp-Bt-COCOMAG.png,8.0.0,2026-08-10T15:57:07+00:00,PASS
QA-AR11158-FIXED-THREE-20260809,AR11158_event_pre_3_to_6h_20110214_2236_TAI__2011.02.14_22:36:00_TAI,AR11158_event_pre_3_to_6h_20110214_2236_TAI__2011.02.14_22:36:00_TAI_Bt,AR11158_event_pre_3_to_6h_20110214_2236_TAI,POSITIVE,t_pred,2011.02.14_22:36:00_TAI,2011-02-14T22:35:26Z,2011.02.14_22:36:00_TAI,2011-02-14T22:35:26Z,0.0,上游固定 T0；不做邻帧替换,固定三例样本清单.csv,未来 0--3 小时无 M+；X3.3 完整事件区间进入未来 3--6 小时,SHRGT45,hmi.sharp_cea_720s,RETRIEVAL_DRILL,11158,377,2011.02.14_22:36:00_TAI,2011-02-14T22:35:26Z,Bt,59.492,percent,0x00000000,2.663249e+22,10.929,-20.211,59.492,percent,0x00000000,2.663249e+22,10.929266,-20.211121,Gauss,"B_theta, positive southward","hmi.sharp_cea_720s[377][2011.02.14_22:36:00_TAI]{Br,Bp,Bt}",http://jsoc.stanford.edu/SUM85/D1043267395/S00000/Bt.fits,JSOC as-is public archive,magnetograms/sharp_cea_fixed_three_20260809/AR11158_HARP377_20110214_223600_TAI_Bt.fits,524160,a73a77e95da9e591d210f2131a4317f1acf8f0a4a7077817bc405357a0cdfc30,panels/AR11158_event_pre_3_to_6h_20110214_2236_TAI_t_pred_20110214_223600_TAI_Br-Bp-Bt-COCOMAG.png,8.0.0,2026-08-10T15:57:07+00:00,PASS
QA-AR11158-FIXED-THREE-20260809,AR11158_buffer_0_to_3h_20110214_2248_TAI__2011.02.14_22:48:00_TAI,AR11158_buffer_0_to_3h_20110214_2248_TAI__2011.02.14_22:48:00_TAI_Br,AR11158_buffer_0_to_3h_20110214_2248_TAI,BUFFER_EDGE,t_pred,2011.02.14_22:48:00_TAI,2011-02-14T22:47:26Z,2011.02.14_22:48:00_TAI,2011-02-14T22:47:26Z,0.0,上游固定 T0；不做邻帧替换,固定三例样本清单.csv,X3.3 起始于 T0 后 2.943 小时；按起始时刻归入 0--3 小时缓冲案例；不进入 3--6 小时主分析,SHRGT45,hmi.sharp_cea_720s,RETRIEVAL_DRILL,11158,377,2011.02.14_22:48:00_TAI,2011-02-14T22:47:26Z,Br,59.584,percent,0x00000000,2.656299e+22,11.038,-20.208,59.584,percent,0x00000000,2.656299e+22,11.038339,-20.207701,Gauss,"B_r, positive up","hmi.sharp_cea_720s[377][2011.02.14_22:48:00_TAI]{Br,Bp,Bt}",http://jsoc.stanford.edu/SUM87/D1043267507/S00000/Br.fits,JSOC as-is public archive,magnetograms/sharp_cea_fixed_three_20260809/AR11158_HARP377_20110214_224800_TAI_Br.fits,486720,960ef422331139effc5e88075900abaf374be046881896c9072675fce83d0502,panels/AR11158_buffer_0_to_3h_20110214_2248_TAI_t_pred_20110214_224800_TAI_Br-Bp-Bt-COCOMAG.png,8.0.0,2026-08-10T15:57:07+00:00,PASS
QA-AR11158-FIXED-THREE-20260809,AR11158_buffer_0_to_3h_20110214_2248_TAI__2011.02.14_22:48:00_TAI,AR11158_buffer_0_to_3h_20110214_2248_TAI__2011.02.14_22:48:00_TAI_Bp,AR11158_buffer_0_to_3h_20110214_2248_TAI,BUFFER_EDGE,t_pred,2011.02.14_22:48:00_TAI,2011-02-14T22:47:26Z,2011.02.14_22:48:00_TAI,2011-02-14T22:47:26Z,0.0,上游固定 T0；不做邻帧替换,固定三例样本清单.csv,X3.3 起始于 T0 后 2.943 小时；按起始时刻归入 0--3 小时缓冲案例；不进入 3--6 小时主分析,SHRGT45,hmi.sharp_cea_720s,RETRIEVAL_DRILL,11158,377,2011.02.14_22:48:00_TAI,2011-02-14T22:47:26Z,Bp,59.584,percent,0x00000000,2.656299e+22,11.038,-20.208,59.584,percent,0x00000000,2.656299e+22,11.038339,-20.207701,Gauss,"B_phi, positive westward","hmi.sharp_cea_720s[377][2011.02.14_22:48:00_TAI]{Br,Bp,Bt}",http://jsoc.stanford.edu/SUM87/D1043267507/S00000/Bp.fits,JSOC as-is public archive,magnetograms/sharp_cea_fixed_three_20260809/AR11158_HARP377_20110214_224800_TAI_Bp.fits,524160,f69fdd02d708d331736fec083f664b523cc1cc261a72c2ed113b662994452718,panels/AR11158_buffer_0_to_3h_20110214_2248_TAI_t_pred_20110214_224800_TAI_Br-Bp-Bt-COCOMAG.png,8.0.0,2026-08-10T15:57:07+00:00,PASS
QA-AR11158-FIXED-THREE-20260809,AR11158_buffer_0_to_3h_20110214_2248_TAI__2011.02.14_22:48:00_TAI,AR11158_buffer_0_to_3h_20110214_2248_TAI__2011.02.14_22:48:00_TAI_Bt,AR11158_buffer_0_to_3h_20110214_2248_TAI,BUFFER_EDGE,t_pred,2011.02.14_22:48:00_TAI,2011-02-14T22:47:26Z,2011.02.14_22:48:00_TAI,2011-02-14T22:47:26Z,0.0,上游固定 T0；不做邻帧替换,固定三例样本清单.csv,X3.3 起始于 T0 后 2.943 小时；按起始时刻归入 0--3 小时缓冲案例；不进入 3--6 小时主分析,SHRGT45,hmi.sharp_cea_720s,RETRIEVAL_DRILL,11158,377,2011.02.14_22:48:00_TAI,2011-02-14T22:47:26Z,Bt,59.584,percent,0x00000000,2.656299e+22,11.038,-20.208,59.584,percent,0x00000000,2.656299e+22,11.038339,-20.207701,Gauss,"B_theta, positive southward","hmi.sharp_cea_720s[377][2011.02.14_22:48:00_TAI]{Br,Bp,Bt}",http://jsoc.stanford.edu/SUM87/D1043267507/S00000/Bt.fits,JSOC as-is public archive,magnetograms/sharp_cea_fixed_three_20260809/AR11158_HARP377_20110214_224800_TAI_Bt.fits,524160,377a609d6d334e3997ae60c6021e41d504c14cd2de03df65169c68b12a06bba9,panels/AR11158_buffer_0_to_3h_20110214_2248_TAI_t_pred_20110214_224800_TAI_Br-Bp-Bt-COCOMAG.png,8.0.0,2026-08-10T15:57:07+00:00,PASS
